投稿日,曲名,ニコニコ,YouTube,出演者,イラスト,本家様,本家制作,今見れる？,備考
2008/02/15,撲殺天使ソウゴちゃん,nico.ms/sm2333687,－,うらた（沖田総悟）,－,nico.ms/sm2291921,かば,‪✕‬,替え歌・声真似。投稿日は前後に投稿された動画のIDが同日だったためそこから
2008/02/24,裏組曲,nico.ms/sm2425320,－,うらた,－,nico.ms/sm1071936,峅井はで,‪✕‬,タイトルは「裏の裏の裏をかいて裏組曲を歌ってみた」投稿日は前後に投稿された動画のIDが同日だったためそこから
2008/03/06,裏組曲,nico.ms/sm2527096,－,うらた,－,nico.ms/sm1071936,峅井はで,‪✕‬,タイトルは「裏の裏をかいて裏組曲歌ってみた」投稿日は前後に投稿された動画のIDが同日だったためそこから
2008/03/15,そごぴったん,nico.ms/sm2653914,－,うらた,－,不明,不明,‪✕‬,検索かけても本家分からない。投稿日は前後に投稿された動画のIDが同日だったためそこから
2008/03/19,裏組曲,nico.ms/sm2700300,－,うらた・庶務2,－,nico.ms/sm1071936,峅井はで,〇,
2008/03/19,うらのうら音楽祭,nico.ms/sm2703894,－,うらた・庶務2,－,nico.ms/sm1129154,くちばし,〇,
2008/04/08,撲殺天使ソウゴちゃん,nico.ms/sm2934164,－,うらた,－,nico.ms/sm2291921,かば,‪✕‬,替え歌。“歌ってみた2”表記。投稿日は前後に投稿された動画のIDが同日だったためそこから
2008/04/30,"ニコニコ動画物語,wav",nico.ms/sm3151201,－,うらた,－,nico.ms/sm1089391,しも,‪✕‬,投稿日は前後に投稿された動画のIDが同日だったためそこから
2008/05/23,羊でおやすみシリーズ,nico.ms/sm3406522,－,うらた（沖田総悟）,－,https://www.honeybee-cd.com/hituji_top.html,honeybee,‪✕‬,歌ってみたではないだろうし本家これでいいのかも分からないけどいいよね。投稿日は前後に投稿された動画のIDが同日だったためそこから
2008/06/08,くらいまっくす・でんぉぅ,nico.ms/sm3588655,－,うらた,－,nico.ms/sm1796647,nnaaaa,‪✕‬,“えれくとりっく・えんじぇぅ”の替え歌。タイトルにある「一人5役」って何？投稿日は前後に投稿された動画のIDが同日だったためそこから
2008/07/05,真選組動乱編,nico.ms/sm3864786,－,うらた,－,nico.ms/sm2687665,水晶,‪✕‬,投稿日は前後に投稿された動画のIDが同日だったためそこから
2008/08/02,アッーウッウッイネイネ,nico.ms/sm4160735,－,うらた（沖田総悟）,－,nico.ms/sm3816697,PaffendorfのUnderMySkinという曲らしい,‪✕‬,声真似。投稿日は前後に投稿された動画のIDが同日だったためそこから
2008/08/16,ニコニコ動画流星群,不明,－,うらた・庶務2,－,nico.ms/sm2959233,しも,‪✕‬,2008/8/16には転載されているためこの位置
2008/09.18,メルト,nico.ms/sm4660372,－,VIPゾロ・うらた・前菜・RESTA・シゲン・オーディン・なず・華翔・teko・にころび・月真,－,nico.ms/sm1715919,ryo,〇,
2008/11.14,視聴できません,nico.ms/sm5245121,－,ヘロウ（？）・うらた（リュウタロス）・SH#（野上良太郎）,－,？,？,〇,歌ってみたではないけど許して欲しいの気持ち
2008/11.30,鈴村健一,nico.ms/sm5402139,－,うらた,－,nico.ms/sm1802605,ユキ,‪✕‬,
2009/01/30,カレーの歌,nico.ms/sm5986135,－,うらた,－,不明,不明,‪✕‬,インド人にでも聞いてください。（sm5818929だったりする？） 投稿日は前後に投稿された動画のIDが同日だったためそこから
2009/02/14,バレンタイン・キッス,nico.ms/sm6140423,－,あほの坂田（坂田銀時）・うらた（沖田総悟）（うらさか）,－,youtu.be/AyUe-szq13k?si=W2uTGHbWpFW_cpOr,国生さゆり,‪✕‬,声真似コラボ。投稿日は2つ前の動画が2/13 23:51でひとつ後のものが2/14 0:20のため恐らく2/14だと思われる
2009/02/21,組曲『涼宮ハルヒの憂鬱』,nico.ms/sm6213381,－,うらた,－,nico.ms/sm500873,しも,‪✕‬,タイトルに「ほとんど俺」って付いてたけど俺じゃないところは誰ですか。投稿日は何故かIDが前の動画は2/21なのに後ろの動画が2/20なのをひとつ見つけてしまいもうわからん
2009/03/26,ゴリラといっしょ,nico.ms/sm6552730,－,うらた,－,不明,不明,‪✕‬,途中から替え歌。元曲わからんて一生ゴリラと一緒しててくれたぬき。投稿日は前後に投稿された動画のIDが同日だったためそこから
2009/08/14,ドS先進国うんこしろキャニオン,nico.ms/sm7928108,－,うらた,－,不明,不明,‪✕‬,そんな名前の曲見当たらんが！？投稿日はIDが前の動画が8/15で後の動画が8/13だったからもうこの日でいいよねマイリス投稿あったし
2009/09/25,Double-Action,nico.ms/nm8330037,－,うらた・三時のオメマユ,－,恐らく未投稿,仮面ライダー電王,〇,
2010/02/06,不明,nico.ms/sm9620672,－,うらた（沖田総悟）,－,不明,不明,‪✕‬,タイトルが「沖田総悟で歌ってみた」の為何もかもが不明。なにこれ。投稿日は前後に投稿された動画のIDが同日だったためそこから
2010/02/13,メルト,nico.ms/sm9692095,－,うらた・VIPゾロ,－,nico.ms/sm1715919,ryo,‪✕‬,投稿日は前後に投稿された動画のIDが同日だったためそこから
2010/02/15,ショタショタ★ナイトフィーバー,nico.ms/sm9608760,－,うらた,－,nico.ms/sm6119955,samfree,‪✕‬,替え歌だよ多分。投稿日は前後に投稿された動画のIDが同日だったためそこから
2010/02/22,人柱アリス,nico.ms/sm9801433,－,くっすん♪（近藤勲）・マヨ方©（土方十四郎）・（・_・）さん（山崎退）・うらた（沖田総悟）・くろかぜ（沖田ミツバ）,－,nico.ms/sm3143714,雪那,〇,
2010/03/05,ドSサーキュレーション,nico.ms/nm9922523,－,うらた（沖田総悟）,－,youtu.be/C4OlB6E8Cyw?si=Gl5n5Q0EWUU8cC52,千石撫子（花澤香菜）,‪✕‬,替え歌・声真似
2010/03/14,恋のABO,nico.ms/sm10027466,－,うらた（沖田総悟）・あほの坂田（坂田銀時）・くろかぜ（神楽・お通ちゃん）・し〜ん（志村新八）・A24（土方十四郎）・くす魂（山崎退）・ちゃげ（桂小太郎）,朝@mohiasa（垢消し）,未投稿,NEWS,〇,
2010/04/26,1925,nico.ms/sm10512801,－,うらた,－,nico.ms/sm8430328,藤堂夜宵,‪✕‬,
2010/05/31,紀田正臣も吹　っ　切　れ　た,nico.ms/sm10906498,－,うらた（紀田正臣）,－,nico.ms/sm10722893,F91,‪✕‬,元ネタはおちゃめ機能。紀田正臣でいいんだよね？
2010/06/06,ドS機能,nico.ms/sm10973870,－,うらた（沖田総悟）,－,nico.ms/sm10244728,ゴジマジP,‪✕‬,本家フルは nico.ms/sm12276096 だが投稿はショートver.なので本家にはそちらを記載
2010/07/01,ワールズエンド・ダンスホール,nico.ms/sm11244064,－,うらた,－,nico.ms/sm10759623,wowaka,‪✕‬,再up
2010/07/05,smiling,nico.ms/sm11291662,－,96猫 （ちゃコ・mmm・ゆきまる・456・はまみ・いのっち・あげは・うらた・ゆきさき・恭一郎・高菜いよ・攻・新汰・うらら・ぴの・おっさん・かぐらってぃ・DC・こなコナ・少年T・ルビー） あほの坂田（友情出演）,－,nico.ms/sm9078182,halyosy,‪✕‬,メインは96猫さん
2010/07/28,ぺろぺろ,nico.ms/sm11549808,－,うらた・センラ（裏千家）,－,nico.ms/sm11486971,はみ,‪✕‬,
2010/07/29,モザイクロール,nico.ms/sm11560487,－,うらた,－,nico.ms/sm11398357,DECO*27,‪✕‬,
2010/08/02,撲殺天使ソウゴちゃん,nico.ms/sm11608614,－,うらた,－,nico.ms/sm2291921,かば,‪✕‬,替え歌。再up
2010/08/11,ミツバチ,nico.ms/sm11708480,－,うらた,－,https://youtu.be/UjE91WVbVt4?si=UANB7OvIPfz2q0Vm,遊助,‪✕‬,
2010/08/28,Fire◎Flower,nico.ms/sm11915127,－,うらた,－,nico.ms/sm4153727,halyosy,‪✕‬,
2010/09/03,女々しくて,nico.ms/sm11974417,－,うらた,－,https://youtu.be/BC9P3DSZu0A?si=Ufcu40wQ1j34EfQV,ゴールデンボンバー,‪✕‬,
2010/09/29,甲斐に帰るといつもお館さまと殴り愛します。,nico.ms/sm12265600,－,うらた（真田幸村）,－,nico.ms/sm11480547,ほぼ日P,‪✕‬,替え歌・声真似
2010/10/05,なでなで,nico.ms/sm12334887,－,うらた,－,nico.ms/sm12169079,はみ,‪✕‬,
2010/10/09,やきそば先進国 パン買ってこいよ〜,nico.ms/sm12369745,－,うらた（沖田総悟）,－,nico.ms/sm6318536,たまき,‪✕‬,声真似
2010/10/13,恋は戦争,nico.ms/sm12415246,－,うらた,－,nico.ms/sm2397344,ryo,‪✕‬,
2010/10/23,サドリョシカ,nico.ms/sm12521653,－,うらた（沖田総悟）,－,nico.ms/sm11809611,ハチ,‪✕‬,替え歌・声真似
2010/11/01,0821,nico.ms/sm12617194,－,うらた,－,nico.ms/sm8430328,藤堂夜宵,‪✕‬,替え歌
2010/11/20,ローリンガール,nico.ms/sm12806086,－,うらた,－,nico.ms/sm9714351,wowaka,‪✕‬,ギターロックver.
2010/12/12,ふわふわ時間,nico.ms/sm13010412,－,うらた,－,youtu.be/I0xRbWqIohQ?si=p-53TJ41BVJo5C-2,放課後ティータイム,‪✕‬,
2010/12/12,カッコカワイイ宣言！のアレ,nico.ms/sm13003876,－,うらた,－,不明,不明,‪✕‬,アレってなんですか！有識者！
2011/01/06,カンタレラ,nico.ms/sm13232449,－,うらた,－,nico.ms/sm2366125,黒うさ,‪✕‬,
2011/01/15,リスキーゲーム,nico.ms/sm13314724,－,うらた,－,nico.ms/sm13236011,黒うさ,‪✕‬,
2011/01/27,ハッピーセットのCMのやつ歌ってみたような気がする感じのアレ,nico.ms/sm13420510,－,うらた,－,不明,不明,‪✕‬,どれ。
2011.02/22,モザイクロール,nico.ms/sm13679510,－,うらた,－,nico.ms/sm11398357,DECO*27,‪✕‬,リベンジ
2011.02/17,創聖のコビリオン,nico.ms/sm13626132,－,いのっち・うらた（SpecialThanks）,－,youtu.be/PuR3AtWe_rE?si=ZredDCIgtWxxA_wO,創聖のアクエリオン,〇,メインはいのっち
2011.02/27,SPICE!,nico.ms/sm13720429,－,うらた,－,nico.ms/sm2528674,黒うさ,‪✕‬,
2011/03/08,この木 なんの木 木ィィィ原くゥゥゥゥゥゥゥゥン!!,nico.ms/sm13814477,－,うらた,－,nico.ms/sm13738938,不明,‪✕‬,あってる…？え？これ合ってるの……？何もわからん全部消えてる。替え歌…なんですか？再うpって書いてある。知らん。
2011/03/19,アイラビューアイニジュー,nico.ms/sm13896632,－,うらた,－,nico.ms/sm13206236,ハヤシケイ/KEI,‪✕‬,
2011/03/23,アクセラレータのパーフェクトさんした教室,nico.ms/sm13933439,－,うらた,－,nico.ms/sm13888279,大木戸,‪✕‬,
2011/03/26,ドSの魔法,nico.ms/sm13971567,－,うらた（沖田総悟）,－,不明,不明,‪✕‬,ACジャパンのCMの“あいさつの魔法”の替え歌だと思われる。声真似
2011/04/04,ゆきゆきにしてやろう♪,nico.ms/sm14064049,－,うらた（真田幸村）,－,不明,不明,‪✕‬,タイトルから思うに“みくみくにしてあげる♪”の替え歌。声真似
2011/04/15,Badbye,nico.ms/sm14164118,－,うらた,－,nico.ms/sm13560654,koma´n,‪✕‬,
2011/04/22,キリトリセン,nico.ms/sm14229448,－,うらた,－,nico.ms/sm13715524,40mP,‪✕‬,
2011/05/01,迷子ライフ,nico.ms/sm14319755,－,うらた,－,nico.ms/sm9604972,西沢さんP,‪✕‬,
2011/05/13,orange,nico.ms/sm14441481,－,うらた,－,nico.ms/sm13926857,少年T,‪✕‬,
2011/06/05,ペダルハート,nico.ms/sm14657015,－,うらた,－,nico.ms/so13743433,DECO*27,‪✕‬,
2011/06/12,パンダヒーロー,nico.ms/sm14719778,－,うらた・くす魂,朝@mohiasa（垢消し）,nico.ms/sm13386216,ハチ,‪✕‬,
2011/06/18,ペテン師が笑う頃に,nico.ms/sm14774830,－,うらた,－,nico.ms/sm7021921,梨本うい,‪✕‬,
2011/07/22,Blackjack,nico.ms/sm15088143,－,うらた・りもこん,－,nico.ms/sm12640192,ゆちゃ,〇,
2011/07/26,マジぼっち1000％,nico.ms/sm15116283,－,うらた,－,自作,うらた,‪✕‬,“マジLOVE1000％”の替え歌。概要欄の「実体験を替え歌にしました。教室って広いんだなとか中庭で食べるお弁当も日光にあたって気持ちいいなってぼっちだと痛感するんですね。」から自作の替え歌だと思われる
2011/08/01,キミ以上、ボク未満。,nico.ms/sm15183410,－,うらた,－,nico.ms/sm8298201,DECO*27,‪✕‬,
2011/08/10,トゥインクル,nico.ms/sm15269475,－,うらた,－,nico.ms/sm15016420,Junky,‪✕‬,
2011/08/28,マジLOVE1000％,nico.ms/sm15437618,－,tana・あほの坂田・うらた・エアル・きー助・りもこん,－,nico.ms/so15013657,うたの☆プリンスさまっ♪,〇,概要欄に聖川真斗の文字があるけどこれは声真似なのか…？そのまんまうらたでは………？グレー判定
2011/08/31,マジサド1000％,nico.ms/sm15474097,－,うらた（沖田総悟）,朝@mohiasa（垢消し）,自作,うらた,‪✕‬,マジLOVE1000％擦りすぎでは？替え歌・声真似
2011/09/18,マトリョシカ,nico.ms/sm15640921,－,うらた,－,nico.ms/sm11809611,ハチ,‪✕‬,
2011/10/07,東京テディベア,nico.ms/sm15816968,－,うらた,－,nico.ms/sm15308214,Neru,‪✕‬,
2011/10/23,バビロン,nico.ms/sm15966412,－,うらた,－,nico.ms/sm14332782,トーマ,‪✕‬,
2011/10/29,エンヴィキャットウォーク,nico.ms/sm16018877,－,うらた,－,nico.ms/sm15956806,トーマ,‪✕‬,
2011/11/13,ピエロ,nico.ms/sm16161340,－,うらた,－,nico.ms/sm11224129,ハヤシケイ/KEI,‪✕‬,
2011/12/02,人生リセットボタン,nico.ms/sm16323470,－,うらた,－,nico.ms/sm16110005,kemu,‪✕‬,
2011/12/15,ドSヒーロー,nico.ms/sm16431443,－,うらた（沖田総悟）,－,nico.ms/sm13386216,ハチ,‪✕‬,秒数的に多分元ネタはパンダヒーロー。声真似・替え歌
2011/12/23,PONPONPON,nico.ms/sm16499021,－,うらた（沖田総悟）,－,youtu.be/yzC4hFK5P3g?si=4a0et4oTEnlHw2X3,きゃりーぱみゅぱみゅ,‪✕‬,声真似・替え歌
2012/01/01,ゆるふわ樹海ガール,nico.ms/sm16583253,－,うらた,－,nico.ms/sm15880465,石風呂,‪✕‬,
2012/01/02,リンちゃんなう！,nico.ms/sm16591777/,－,うらた・りもこん,－,nico.ms/sm16539814,ガルナ@オワタP,‪✕‬,
2012/01/04,カゲロウデイズ,nico.ms/sm16606986,－,うらた,－,nico.ms/sm15751190,じん（自然の敵P）,‪✕‬,
2012/01/15,PONPONPON,nico.ms/sm16701690,－,うらた,－,youtu.be/yzC4hFK5P3g?si=4a0et4oTEnlHw2X3,きゃりーぱみゅぱみゅ,‪✕‬,
2012/01/20,ドレミファロンド,nico.ms/sm16743702,－,うらた,－,nico.ms/sm16719809,40mP,‪✕‬,
2012/01/28,恋愛勇者,nico.ms/sm16814914,－,うらた,－,nico.ms/sm16742993,Last.note.,‪✕‬,
2012.02/08,愛言葉,nico.ms/sm16912243,－,うらた・すこあ,－,nico.ms/sm7696158,DECO*27,‪✕‬,
2012.02/14,りっちゃんなう！,nico.ms/sm16968817,－,うらた,－,自作,うらた,‪✕‬,替え歌。名前と秒数的に元ネタはリンちゃんなう！
2012.02/19,天ノ弱,nico.ms/sm17018274,－,うらた,－,nico.ms/sm14583646,164,‪✕‬,
2012/03/09,影踏みエトランゼ,nico.ms/sm17198671,－,うらた,ラム,nico.ms/sm13434014,Substreet,‪✕‬,
2012/03/11,イカサマライフゲイム,nico.ms/sm17213276,－,うらた,－,nico.ms/sm16915126,kemu,‪✕‬,
2012/04/11,パンダヒーロー,nico.ms/sm17519498,－,うらた,－,nico.ms/sm13386216,ハチ,‪✕‬,
2012/04/21,ネコミミアーカイブ,nico.ms/sm17606647,－,うらた,－,nico.ms/sm16812983,ryt/糞田舎P,‪✕‬,
2012/05/02,六兆年と一夜物語,nico.ms/sm17708929,－,うらた,－,nico.ms/sm17520775,kemu,‪✕‬,
2012/05/05,ハッピーシンセサイザ,nico.ms/sm17745088,－,うらた,愛舞（まなぶ）,nico.ms/sm12825985,EasyPop/BETTI,‪✕‬,
2012/05/12,セツナトリップ,nico.ms/sm17805625,－,うらた,－,nico.ms/sm17720979,Last.Note.,‪✕‬,
2012/05/14,這いよれ！りっちゃん,nico.ms/sm17818453,－,うらた,－,自作,うらた,‪✕‬,替え歌
2012/05/25,え？あぁ、そう。男性視点ver,nico.ms/sm17916440,－,うらた,－,nico.ms/sm10985427,天月-あまつき-,‪✕‬,元ネタは蝶々Pのえ？あぁ、そう。
2012/06/09,メランコリック,nico.ms/sm18050433,－,うらた,HIIRO,nico.ms/sm10444862,Junky,‪✕‬,
2012/06/10,Mr.Music,nico.ms/sm18061116,－,OLD・うらた・将太・すこあ・まふまふ・DC・りもこん,naka,nico.ms/sm13774194,れるりり,〇,
2012/06/15,ネトゲ廃人シュプレヒコール,nico.ms/sm18100574,－,うらた,－,nico.ms/sm12441199,さつき が てんこもり,‪✕‬,
2012/06/20,こちら、幸福安心委員会です。,nico.ms/sm18147753,－,うらた,－,nico.ms/sm18100389,うたたP,‪✕‬,
2012/06/25,リスナーなう,nico.ms/sm18191083,－,うらた,－,自作,うらた,‪✕‬,元ネタは秒数的にリンちゃんなうだと思う。替え歌
2012/07/06,うそつき,nico.ms/sm18278477,－,うらた,－,nico.ms/sm14703600,つなま,‪✕‬,
2012/07/28,Blackjack,nico.ms/sm18464878,－,うらた,ラム,nico.ms/sm12640192,ゆちゃ,‪✕‬,
2012/08/08,カミサマネジマキ,nico.ms/sm18562030,－,うらた,－,nico.ms/sm18511216,kemu,‪✕‬,
2012/08/18,I ♥,nico.ms/sm18648488,－,うらた,－,nico.ms/sm17267606,Junky,‪✕‬,
2012/08/19,インビジブル,nico.ms/sm18660851,－,うらた・りもこん,－,nico.ms/sm16474954,kemu,‪✕‬,
2012/08/25,いーあるふぁんくらぶ,nico.ms/sm18709897,－,うらた・きー助,－,nico.ms/sm18623327,みきとP,‪✕‬,
2012/08/29,永遠に幸せになる方法、見つけました。,nico.ms/sm18746397,－,うらた・あほの坂田（うらさか）,－,nico.ms/sm18726752,うたたP,‪✕‬,
2012/09/12,ニビョウカン,nico.ms/sm18863534,－,うらた・あほの坂田（うらさか）,－,nico.ms/sm16693218,MARUDARUMA,‪✕‬,
2012/09/12,ショットガン・ラヴァーズ,nico.ms/sm18864762,－,うらた,－,nico.ms/sm12424787,のぼる↑,‪✕‬,
2012/09/22,くるみ☆ぽんちお,nico.ms/sm18947278,－,蛮・うらた・調味料・un:c・まふまふ,－,nico.ms/sm8686165,まだ仔,‪〇,
2012/10/19,二次元ドリームフィーバー,nico.ms/sm19156775,－,うらた,－,nico.ms/sm16973327,ぽりふぉ,‪✕‬,
2012/10/27,初恋の絵本-another story-（男性視点）,nico.ms/sm19216221,－,うらた,－,nico.ms/sm16308863,ヤサシスト,‪✕‬,元ネタはHoneyWorksの初恋の絵本
2012/11/08,バイビーベイビーサヨウナラ,nico.ms/sm19307641,－,うらた,－,nico.ms/sm8359269,saiB,‪✕‬,
2012/11/13,告白予行練習（男性視点ver.）,nico.ms/sm19346958,－,うらた,－,nico.ms/sm19229984,musuko,‪✕‬,元ネタはHoneyWorksの告白予行練習
2012/11/15,te-yut-te,nico.ms/sm19356702,－,あほの坂田・いのっち・うらた・ちゃげ,－,nico.ms/sm14808982,フェイP,〇,
2012/11/23,サリシノハラ-piano.ver-,nico.ms/sm19419874,－,うらた,－,nico.ms/sm19042393,みきとP,‪✕‬,
2012/12/04,誰でもいいから付き合いたい,nico.ms/sm19505403,－,うらた,－,nico.ms/sm19480546,卓球少年,‪✕‬,
2013/01/06,START,nico.ms/sm19766647,－,うらた,－,nico.ms/sm19125328,レフティーモンスター,‪✕‬,
2013/01/22,WAVE,nico.ms/sm19892185,－,うらた,－,nico.ms/sm19892185,niki,‪✕‬,
2013/02/07,WAVE,nico.ms/sm20025888,－,うらたぬき,－,nico.ms/sm19892185,niki,〇,新垢初投稿
2013/02/12,「え？あぁ、そう。 男性視点ver」,nico.ms/sm20071108,－,うらたぬき,－,nico.ms/sm10985427,天月-あまつき-,〇,元ネタは蝶々Pのえ？あぁ、そう。
2013/02/20,拙者も誰かと付き合いたい,nico.ms/sm20143161,－,うらたぬき,－,nico.ms/sm20140381,卓球少年,〇,
2013/02/23,夜咄ディセイブ-シンセ.ver.-,nico.ms/sm20168130,－,うらたぬき,－,nico.ms/sm20116702,じん,〇,
2013/02/24,こちら、幸福安心委員会です。,nico.ms/sm20177821,－,うらたぬき・あほの坂田（うらさか）,－,nico.ms/sm18100389,うたたP,〇,
2013/02/28,仇返しシンドローム,nico.ms/sm20209444,－,うらたぬき,－,nico.ms/sm19509983,まふまふ（鏡見て失神P）,〇,
2013/03/07,独りんぼエンヴィー,nico.ms/sm20269319,－,うらたぬき,－,nico.ms/sm19466301,koyori（電ポルP）,〇,
2013/03/09,ギガンティックO.T.N,nico.ms/sm20287358,－,うらたぬき,－,nico.ms/sm19532707,ギガ,〇,
2013/03/12,夢じゃない、嘘じゃない、目の前にある幸せな情景。,nico.ms/sm20313530,－,うらたぬき・あほの坂田（うらさか）,－,nico.ms/sm20304965,うたたP,〇,
2013/03/14,告白予行練習-another story-,nico.ms/sm20331660,－,うらたぬき,－,nico.ms/sm19372291,HoneyWorks,〇,
2013/03/16,ロストワンの号哭,nico.ms/sm20348928,－,うらたぬき,－,nico.ms/sm20244918,Neru,〇,
2013/03/18,ヤキモチの答え,nico.ms/sm20366846,－,うらたぬき,－,nico.ms/sm20332495,HoneyWorks,〇,
2013/03/28,サリシノハラ,nico.ms/sm20456626,－,うらたぬき,－,nico.ms/sm19042393,みきとP,〇,
2013/04/02,リンカーネーション,nico.ms/sm20502040,－,うらたぬき・センラ（裏千家）,－,nico.ms/sm20423253,kemu,〇,
2013/04/23,ロスタイムメモリー,nico.ms/sm20678949,－,うらたぬき,－,nico.ms/sm20470051,じん,〇,
2013/04/25,マジぼっち2000％,nico.ms/sm20693131,－,うらたぬき,－,nico.ms/so20520607,うたの☆プリンスさまっ♪,〇,替え歌
2013/05/01,人生リセットボタン,nico.ms/sm20746331,－,うらたぬき,－,nico.ms/sm16110005,kemu,〇,
2013/05/02,インビジブル,nico.ms/sm20750901,－,うらたぬき,－,nico.ms/sm16474954,kemu,〇,
2013/05/03,イカサマライフゲイム,nico.ms/sm20759952,－,うらたぬき,－,nico.ms/sm16915126,kemu,〇,
2013/05/04,六兆年と一夜物語,nico.ms/sm20774089,－,うらたぬき,－,nico.ms/sm17520775,kemu,〇,
2013/05/05,地球最後の告白を,nico.ms/sm20783687,－,うらたぬき,－,nico.ms/sm18198019,kemu,〇,
2013/05/06,カミサマネジマキ,nico.ms/sm20792588,－,うらたぬき,－,nico.ms/sm18511216,kemu,〇,
2013/05/10,友達!いませんｗｗｗ,nico.ms/sm20825482,－,うらたぬき,－,nico.ms/sm20694111,這いよれ！ニャル子さんw,〇,替え歌
2013/05/13,グレんの嫌だ,nico.ms/sm20885962,－,うらたぬき,－,youtu.be/749DIRUHhNY?si=QYtT0GyQysE-05UP,Linked Horizon,〇,替え歌
2013/05/24,チルドレンレコード,nico.ms/sm20940166,－,うらたぬき・コゲ犬,－,nico.ms/sm18406343,じん,〇,
2013/05/25,かくしごと,nico.ms/sm20948062,－,うらたぬき,－,nico.ms/sm20937824,まふまふ（鏡見て失神P）,〇,
2013/06/13,しんてしまうとはなさけない！,nico.ms/sm21102083,－,うらたぬき・あほの坂田（うらさか）,－,nico.ms/sm20331479,ワンオポ,〇,
2013/06/15,初恋の絵本-arrangement-,nico.ms/sm21121087,－,うらたぬき,－,nico.ms/sm17846438,halyosy,〇,元ネタはHoneyWorksの初恋の絵本
2013/06/25,ハロライン,nico.ms/sm21202895,－,うらたぬき,－,nico.ms/sm20650726,たるとP,〇,
2013/07/21,夏の日と、幽霊と、かみさま,nico.ms/sm21406616,－,うらたぬき,－,nico.ms/sm13471322,もふ,〇,
2013/08/02,ポワゾンKISS,nico.ms/sm21497024,－,浦島坂田船（うらたぬき・志麻・あほの坂田・センラ）,角倉,youtu.be/WTDYIc-8A_s?si=U73cSL0SiUC7F36s,うたの☆プリンスさまっ♪マジLOVE2000%,〇,浦島坂田船初投稿曲
2013/08/08,しわ,nico.ms/sm21539938,－,うらたぬき,－,nico.ms/sm17763107,buzzG,〇,
2013/08/13,逃走本能,nico.ms/sm21583565,－,うらたぬき,－,nico.ms/sm21552183,Last.note.,〇,
2013/09/04,威風堂々,nico.ms/sm21751831,－,うらたぬき,－,nico.ms/sm19233263,梅とら,〇,
2013/09/19,妄想税,nico.ms/sm21862784,－,うらたぬき,－,nico.ms/sm21764582,DECO*27,〇,
2013/09/22,世界寿命と最後の一日,nico.ms/sm21881028,－,うらたぬき,－,nico.ms/sm21758815,スズム,〇,
2013/10/09,愛言葉Ⅱ,nico.ms/sm22005997,－,うらたぬき,－,nico.ms/sm21986543,DECO*27,〇,
2013/10/12,聖槍爆裂ボーイ,nico.ms/sm22027115,－,うらたぬき,－,nico.ms/sm21702752,れるりり,〇,
2013/10/22,ブサメンドキュメンタリー,nico.ms/sm22115478,－,うらたぬき,－,nico.ms/sm22116466,卓球少年,〇,
2013/10/30,テレカクシ思春期,nico.ms/sm22149566,－,うらたぬき,－,nico.ms/sm22122720,HoneyWorks,〇,
2013/11/09,ドーナツホール,nico.ms/sm22219709,－,うらたぬき,－,nico.ms/sm22138447,ハチ,〇,
2013/12/19,愛迷エレジー,nico.ms/sm22487446,－,うらたぬき,－,nico.ms/sm22478322,DECO*27,〇,
2013/12/21,スーパーぬこわーるど,nico.ms/sm22497903,－,うらたぬき,－,nico.ms/sm22491239,まふまふ（鏡見て失神P）,〇,
2013/12/25,おこちゃま戦争,nico.ms/sm22529362,－,うらたぬき・あほの坂田（うらさか）,－,nico.ms/sm22349544,ギガ,〇,
2014/01/04,Liberal Life,nico.ms/sm22601667,－,うらたぬき,はにーちぇ,nico.ms/nm14030584,あな兄（linguo）,〇,
2014/01/11,アウターサイエンス,nico.ms/sm22646708,－,うらたぬき,－,nico.ms/sm21720819,じん,〇,
2014/01/17,コミュ力革命,nico.ms/sm22688190,－,うらたぬき・センラ（裏千家）,－,nico.ms/sm22682588,ゆう十,〇,
2014/02/15,ピエロ,nico.ms/sm22893377,－,うらたぬき,－,nico.ms/sm11224129,ハヤシケイ/KEI,〇,
2014/02/17,おじゃま虫,nico.ms/sm22911109,－,うらたぬき,－,nico.ms/sm22872605,DECO*27,〇,
2014/02/21,告白ライバル宣言,nico.ms/sm22937043,－,うらたぬき,－,nico.ms/sm22885875,HoneyWorks,〇,
2014/03/05,初恋学園・純愛科,nico.ms/sm23025371,－,うらたぬき・luz・kain（裏留守華音）,－,nico.ms/sm18008293,Nem,〇,
2014/03/25,ウミユリ海底譚,nico.ms/sm23176894,－,うらたぬき・kain,－,nico.ms/sm22960446,n-buna,〇,
2014/03/26,ストリーミングハート,nico.ms/sm23183026,－,うらたぬき,－,nico.ms/sm23144598,DECO*27,〇,
2014/04/05,空想世界とオモチャの心臓,nico.ms/sm23261846,－,うらたぬき,－,nico.ms/sm23253153,まふまふ（鏡見て失神P）,〇,
2014/04/26,千本桜,nico.ms/sm23414856,－,浦島坂田船（うらたぬき・志麻・あほの坂田・センラ）,－,nico.ms/sm15630734,黒うさ,〇,
2014/04/30,アンチビート,nico.ms/sm23444610,－,うらたぬき,－,nico.ms/sm23412656,DECO*27,〇,
2014/05/10,夜もすがら君想ふ,nico.ms/sm23522472,－,うらたぬき,－,nico.ms/sm23189603,西沢さんP,〇,
2014/05/17,イノコリ先生,nico.ms/sm23574546,－,うらたぬき・あほの坂田（うらさか）,－,nico.ms/sm23348919,HoneyWorks,〇,
2014/05/24,＋♂,nico.ms/sm23626740,－,うらたぬき,－,nico.ms/sm23134050,ギガ,〇,
2014/06/10,とびら開けて,nico.ms/sm23752027,－,うらたぬき・あほの坂田（うらさか）,－,youtu.be/I2zZkpJ30TM?si=626lhJ30tQhLPUI8,アナと雪の女王,〇,
2014/06/28,初恋の絵本 -another story- Arrange ver.,nico.ms/sm23882486,－,うらたぬき,－,nico.ms/sm16205143,HoneyWorks,〇,
2014/07/04,金曜日のおはよう,nico.ms/sm23925032,－,うらたぬき,－,nico.ms/sm23910729,HoneyWorks,〇,
2014/07/07,ホシアイ,nico.ms/sm23949682,－,うらたぬき,－,nico.ms/sm18164676,レフティーモンスター,〇,
2014/07/30,世界は恋に落ちている,nico.ms/sm24122635,－,うらたぬき,－,nico.ms/sm24085307,HoneyWorks,〇,
2014/08/09,夢花火,nico.ms/sm24191065,－,うらたぬき,－,nico.ms/sm21489609,まふまふ（鏡見て失神P）,〇,
2014/08/27,ようかい体操第一,nico.ms/sm24333917,－,うらたぬき・センラ（裏千家）,－,youtu.be/ktcKUrIW2iw?si=qzXXwvFa6VlmH8ll,妖怪ウォッチ,〇,
2014/09/05,夏は短し恋せよ男子,nico.ms/sm24403607,－,うらたぬき・あほの坂田（うらさか）,－,nico.ms/sm24047732,コニー,〇,
2014/09/22,ツギハギスタッカート,nico.ms/sm24527533,youtu.be/2fb_vFbf85g?si=m7hzCIxuNNVPu0EI,うらたぬき,－,nico.ms/sm23762151,とあ,〇,
2014/10/04,アスノヨゾラ哨戒班,nico.ms/sm24614591,youtu.be/Vi20SkaSWK0?si=VZDpdGH_KdX00s8O,うらたぬき,－,nico.ms/sm24276234,Orangestar,〇,
2014/10/07,戯曲とデフォルメ都市,nico.ms/sm24639535,youtu.be/bXikunUtyHs?si=Tp-u6wujPaJtdtop,うらたぬき,－,nico.ms/sm24623249,まふまふ（鏡見て失神P）,〇,
2014/10/18,夕暮れ蝉日記,nico.ms/sm24713949,－,うらたぬき,－,nico.ms/sm18897678,まふまふ（鏡見て失神P）,〇,
2014/10/21,さよなら両片想,nico.ms/sm24740977,－,うらたぬき,－,nico.ms/sm24736617,HoneyWorks,〇,
2014/11/04,恋愛裁判,nico.ms/sm24843441,youtu.be/Y5OwwA73LRM?si=oGCvuG1-JSRLobr3,うらたぬき・あほの坂田（うらさか）,－,nico.ms/sm23750267,40mP,〇,
2014/11/28,ミュージックミュージック,nico.ms/sm25008556,－,うらたぬき,－,nico.ms/sm24333080,とあ,〇,
2014/12/24,今好きになる。,nico.ms/sm25193651,－,うらたぬき,－,nico.ms/sm24990461,HoneyWorks,〇,
2014/12/26,感情泥棒,nico.ms/sm25211120,－,うらたぬき,たま,nico.ms/sm25182507,40mP,〇,
2015/01/10,ショパンと氷の白鍵,nico.ms/sm25318051,－,うらたぬき,－,nico.ms/sm25308401,まふまふ（鏡見て失神P）,〇,あほの坂田1stアルバム「キミと歩んだ坂道」書き下ろし曲
2015/01/14,あったかいんだからぁ♪,nico.ms/sm25348399,youtu.be/RT3lo3gkJo4?si=EuiDC3EWNgWIcISe,うらたぬき・あほの坂田（うらさか）,－,youtu.be/J_KCtPxq_u4?si=4ZvIqdPg-Tt71hf6,クマムシ,〇,
2015/01/17,厨病激発ボーイ,nico.ms/sm25369040,youtu.be/x4AAqpAF6v4?si=L11nxt7rjr7t7xVk,うらたぬき・あほの坂田・A24,－,nico.ms/sm25223315,れるりり,〇,
2015/01/30,このふざけた素晴らしき世界は、僕の為にある,nico.ms/sm25457334,youtu.be/_1_Ti65WfG8?si=tOJexpJv_U-LeTxB,うらたぬき,－,nico.ms/sm25379507,n.k/ガラクト,〇,
2015/02/06,アイのシナリオ,nico.ms/sm25506696,－,うらたぬき,－,nico.ms/sm25402016,HoneyWorks,〇,友情出演：あほの坂田
2015/02/16,Monster,nico.ms/sm25585540,－,うらたぬき・あほの坂田・コゲ犬・らん鹿・らむだーじゃん（裏坂犬羊乱）,－,youtu.be/JedKBJVHhiE?si=tW8nReZSF4KJVMvc,嵐,〇,
2015/02/27,だんだん早くなる,nico.ms/sm25672717,youtu.be/jvKVLGv7KUU?si=eCucsElFprAHGtqz,うらたぬき,－,nico.ms/sm25658559,40mP,〇,
2015/02/28,Dragon Night,nico.ms/sm25683037,https://youtu.be/0ygbFyfibm4?si=ZLM_VXnGbYpHjchy,うらたぬき・あほの坂田（うらさか）,－,youtu.be/UcoFyrlQev0?si=5r35isO7sFTdiSyu,SEKAI NO OWARI,〇,
2015/03/27,病名恋ワズライ-Last Note.Arrange-,nico.ms/sm25884182,－,うらたぬき,－,nico.ms/sm22474644,HoneyWorks,〇,あほの坂田1stアルバム「キミと歩んだ坂道」収録のアレンジ
2015/03/31,シルエット,nico.ms/sm25921401,https://youtu.be/xxRaJdjG6Ko?si=lQZDFgJzk2vASh_Z,うらたぬき・あほの坂田（うらさか）,－,youtu.be/ZFoJYI7Q4iA?si=utwywIDt5-A33xh4,KANA-BOON,〇,
2015/04/17,さよならだけが人生だ,nico.ms/sm26048771,－,うらたぬき,－,nico.ms/sm25466139,伊東歌詞太郎,〇,
2015/05/15,言葉のいらない約束,nico.ms/sm26262664,－,うらたぬき,－,nico.ms/sm26253754,HoneyWorks,〇,
2015/05/22,絶対創造フューチャー,nico.ms/sm26309526,－,うらたぬき・あほの坂田（うらさか）,－,nico.ms/sm26307842,n.k/ガラクト,〇,
2015/05/23,ハートの後味,nico.ms/sm26320160,－,うらたぬき,－,nico.ms/sm26310950,まふまふ（鏡見て失神P）,〇,うらたぬきボイスドラマCP「僕の青春日記」提供曲
2015/06/27,暁月夜-アカツキヅクヨ-,nico.ms/sm26581821,－,うらたぬき,ろこる,nico.so/26405782,HoneyWorks,〇,
2015/07/11,イジワルな出会い,nico.ms/sm26683812,－,うらたぬき,－,nico.ms/sm26624229,HoneyWorks,〇,
2015/08/09,プライド革命,nico.ms/sm26882829,－,うらたぬき,－,nico.ms/sm26809264,HoneyWorks,〇,友情出演：あほの坂田
2015/10/10,キミノヨゾラ哨戒班,nico.ms/sm27341557,－,うらたぬき・あほの坂田（うらさか）,－,nico.ms/sm26969103,Orangestar,〇,
2015/10/17,鏡花水月,nico.ms/sm27391928,－,うらたぬき,－,nico.ms/sm27132601,まふまふ（鏡見て失神P）,〇,
2015/10/31,ホーリーフラッグ,nico.ms/sm27491354,－,うらたぬき,－,nico.ms/sm27477249,HoneyWorks,〇,
2015/12/24,ベリーメリークリスマス,nico.ms/sm27862020,－,うらたぬき,茶々ごま,nico.ms/sm27811704,天月-あまつき-,〇,
2015/12/28,Dreamer,nico.ms/sm27891661,https://youtu.be/igF6viIeQGc?si=VzakH562A_kO4Cc5,浦島坂田船（うらたぬき・志麻・となりの坂田・センラ）,月森フユカ,オリジナル曲,作詞：浦島坂田船 作曲：Sum,〇,浦島坂田船アルバム「CRUISE TICKET」収録曲
2016/01/22,コンテニュー,nico.ms/sm28059103,－,うらたぬき・あほの坂田（うらさか）,月森フユカ,オリジナル曲,まふまふ,〇,うらさか日和。より（音源は別）
2016/02/05,ゴーストルール,nico.ms/sm28153051,https://youtu.be/7USBU-i1h2Q?si=y37UE5Nvq6hbelti,うらたぬき,－,nico.ms/sm27965309,DECO*27,〇,
2016/02/12,Shoutër,nico.ms/sm28203758,https://youtu.be/5SqVq_oOrBI?si=kVbiUcJTimhyziUA,浦島坂田船（うらたぬき・志麻・となりの坂田・センラ）,月森フユカ,オリジナル曲,halyosy,〇,浦島坂田船アルバム「CRUISE TICKET」収録曲
2016/02/13,脳内革命ガール,nico.ms/sm28206667,https://youtu.be/-SHXQ7hz9Cw?si=sVfhAzjSCvDg4H_J,うらたぬき・あほの坂田・詩人（うらさか詩人）,－,nico.ms/sm21870906,MARETU,〇,
2016/03/01,誰も知らないハッピーエンド,nico.ms/sm28331779,https://youtu.be/oar899MYBBE?si=Y8uzX7zMi-wYB0Ml,うらたぬき・あほの坂田（うらさか）,－,nico.ms/sm28294159,40mP,〇,
2016/03/26,咲かせよ乙女、喰らえよ男児,nico.ms/sm28505453,－,うらたぬき・あほの坂田・n.k,－,nico.ms/sm28505145,n.k/ガラクト,〇,
2016/04/01,恋色に咲け,nico.ms/sm28548405,－,うらたぬき,－,nico.ms/sm28496031,HoneyWorks,〇,
2016/05/06,ハイドアンド・シーク,－,https://youtu.be/qBucblpW5t4?si=NQTsA9HmfGdE2pV2,うらたぬき,水希,nico.ms/sm24841816,19 -iku-,〇,
2016/06/02,チャンカパーナ,nico.ms/sm28969932,https://youtu.be/h68OwtqEbNo?si=MwPg01HzLmKPLY8F,浦島坂田船（うらたぬき・志麻・あほの坂田・センラ）,－,未投稿,NEWS（ジャニーズ）,〇,
2016/06/24,脱法ロック,nico.ms/sm29112249,https://youtu.be/HKstOh_RNv0?si=8fedN0GVt6y1KSJj,うらたぬき・あほの坂田（うらさか）,－,nico.ms/sm29081909,Neru,〇,
2016/07/02,恋色花火,nico.ms/sm29165644,https://youtu.be/XGA7d3cE70Y?si=ICqwsDrzdzCuwY8P,浦島坂田船（うらたぬき・志麻・となりの坂田・センラ）,月森フユカ,オリジナル曲,Sum,〇,浦島坂田船アルバム「Memory Log」収録曲
2016/07/22,すーぱーぬこになりたい,nico.ms/sm29298217,https://youtu.be/LRH-tKK7Hl8?si=2DYBjrReSNvd3lmE,うらたぬき・あほの坂田（うらさか）,－,nico.ms/sm28990642,まふまふ,〇,
2016/08/09,ないものねだり,nico.ms/sm29411809,https://youtu.be/ykNNEgKvk6g?si=J1vPYFCacNHpLesJ,うらたぬき,水希,youtu.be/UgS7vgquBvo?si=RnD-ipNQqEMfNaNp,KANA-BOON,〇,
2016/09/09,前前前世 arrange ver.,nico.ms/sm29613752,https://youtu.be/wRrSeeUJyuo?si=OjlbJsvHJUpQUhlZ,うらたぬき,水希,youtu.be/PDSkFeMVNFs?si=jWTItTMuB8m5V5ki,RADWIMPS,〇,
2016/10/07,夏祭り arrange ver.,nico.ms/sm29787874,https://youtu.be/o23EYkh1ujw?si=gqqYUJUjPBqIQTJz,浦島坂田船（うらたぬき・志麻・あほの坂田・センラ）,月森フユカ,youtu.be/BFvdvIFsvPg?si=MhhWllkY6Dp3MrPB,ジッタリン・ジン,〇,
2016/10/17,夢のまた夢,nico.ms/sm29853614,https://youtu.be/Yf4un7WkSpg?si=711qWeYezsvo7fnm,うらたぬき,－,nico.ms/sm29602449,まふまふ,〇,
2016/10/29,Crazy∞nighT,nico.ms/sm29931134,https://youtu.be/A3w0QXamI9g?si=-AT8ThVdbfGPd3m0,うらたぬき・あほの坂田・詩人・＿＿（アンダーバー）,－,nico.ms/sm18382294,ひとしずくP,〇,
2016/11/11,ぼうけんのしょがきえました！,nico.ms/sm30019771,https://youtu.be/Qg-reeBDlT8?si=llJY-5bmCP79RUc2,そらまふうらさか（そらる・まふまふ・うらたぬき・あほの坂田）,－,nico.ms/sm24909819,ワンオポ,〇,そらまふうらさか初コラボ
2016/12/02,罰ゲーム,nico.ms/sm30154005,https://youtu.be/c4NPoxSVqbs?si=tMSUDj8_HryPOp8L,うらたぬき,－,nico.ms/sm30129689,まふまふ,〇,
2016/12/20,恋arrange ver.,nico.ms/sm30260885,https://youtu.be/bmHgP4v7eD4?si=CoT1V6fbVXMxoueM,うらたぬき,水希,youtu.be/jhOVibLEDhA?si=E9hkRzuKDEW5sqrQ,星野源,〇,
2016/12/25,アイネクライネ-Acoustic Arrange-,nico.ms/sm30298699,https://youtu.be/VeXyc0gdESg?si=YsMYWk8rhafdY7nT,うらたぬき,－,nico.ms/sm23225630,米津玄師,〇,
2016/12/25,Snow melody,nico.ms/sm30299346,https://youtu.be/rzCPbAEDlSo?si=jzLDZ-wwpCUbQ3ZC,浦島坂田船（うらたぬき・志麻・となりの坂田・センラ）,月森フユカ,オリジナル曲,Sum,〇,
2017/01/05,ダンスロボットダンス,nico.ms/sm30373372,https://youtu.be/UmXpULieh8U?si=bvZDmp2IffyI3rg2,うらたぬき,－,nico.ms/sm30177801,ナユタン星人,〇,
2017/01/18,エイリアンエイリアン,nico.ms/sm30455447,https://youtu.be/nvfIBXDGWBA?si=3sFruOaLSdUCUjaA,うらたぬき・あほの坂田（うらさか）,宵野コタロー,nico.ms/sm28576299,ナユタン星人,〇,
2017/02/01,太陽系デスコ,nico.ms/sm30547397,https://youtu.be/v0KFClFvhw8?si=EFmD4aOAExbb2O0k,浦島坂田船（うらたぬき・志麻・あほの坂田・センラ）,－,nico.ms/sm30469574,ナユタン星人,〇,
2017/02/03,僕が名前を呼ぶ日,nico.ms/sm30559004,－,うらたぬき,－,nico.ms/sm30520518,HoneyWorks,〇,
2017/02/14,キッス〜帰り道のラブソング〜,nico.ms/sm30630422,https://youtu.be/mS4Edfr1mvY?si=1swVl9dBrMvLdWZ3,うらたぬき・まふまふ,茶々ごま,未投稿,テゴマス,〇,
2017/02/22,ねこがまるくなった,nico.ms/sm30690109,https://youtu.be/ygZ-nfURkHo?si=EwahXNGoef6FahY0,うらたぬき・あほの坂田（うらさか）,－,nico.ms/sm30421013,まふまふ,〇,
2017/02/26,ロメオ,nico.ms/sm30716010,https://youtu.be/EkHIk9i-1xM?si=cpopfQn0vs5I9Dy8,うらたぬき・あほの坂田（うらさか）,－,nico.ms/sm30675848,HoneyWorks,〇,
2017/03/18,雨とペトラ,nico.ms/sm30846015,https://youtu.be/7rm3LDUen-U?si=zMnWUQn__mk7Nwne,うらたぬき,－,nico.ms/sm30789907, バルーン,〇,
2017/04/10,彗星ハネムーン,nico.ms/sm31003531,https://youtu.be/qfgd3LwzF7w?si=FPPHmfssQQl0_Rss,うらたぬき,－,nico.ms/sm30978393,ナユタン星人,〇,
2017/04/28,花鳥風月,nico.ms/sm31108946,https://youtu.be/Stk3KmTVWOQ?si=87i-5tjWSuWPEe4n,浦島坂田船（うらたぬき・志麻・となりの坂田・センラ）,月森フユカ,オリジナル曲,まふまふ,〇,浦島坂田船シングル「SHOW MUST GO ON!!」収録曲
2017/05/15,ハンディキャップ,nico.ms/sm31219394,https://youtu.be/4Mk0-zxxx6I?si=zMqPxEQNj5YQx0A8,うらたぬき,－,nico.ms/sm31192842,まふまふ,〇,
2017/06/05,拝啓ドッペルゲンガー,nico.ms/sm31344318,https://youtu.be/Dg9hscpoPe8?si=hX0jC6bSM_8_p0Bg,うらたぬき・センラ（裏千家）,－,nico.ms/sm31314079,kemu,〇,
2017/06/30,君色に染まる,nico.ms/sm31486016,https://youtu.be/7e7mViEaEa4?si=nQZZ6BJmH-K7iSNe,うらたぬき,水希,nico.ms/sm27529228,西沢さんP,〇,
2017/07/05,Carry Forward,nico.ms/sm31515518,https://youtu.be/3yJgcUo1BiY?si=7jt2dRVYWcY1tLdr,浦島坂田船（うらたぬき・志麻・となりの坂田・センラ）,月森フユカ,オリジナル曲,halyosy,〇,浦島坂田船アルバム「Four the C」収録曲
2017/07/14,プリンセスに口づけを,nico.ms/sm31566981,https://youtu.be/svicA6KatX4?si=-9QEq2djGoVQSrpK,うらたぬき・となりの坂田（うらさか）,macco,オリジナル曲,HoneyWorks,〇,浦島坂田船アルバム「Four the C」収録曲
2017/08/09,レディーレ,nico.ms/sm31715264,https://youtu.be/UswjNZNfkk8?si=ATWov0y9j_dzw9az,うらたぬき,－,nico.ms/sm31394907,バルーン,〇,
2017/08/15,ヒバナ,nico.ms/sm31752299,https://youtu.be/GRFdvwaryqw?si=sv3H0qfkOneiA9WX,うらたぬき,－,nico.ms/sm31685272,DECO*27,〇,
2017/09/12,すきなことだけでいいです,nico.ms/sm31928142,https://youtu.be/AOZjYdoUV7w?si=M6XuZc6BSVBRDarl,うらたぬき・あほの坂田（うらさか）,－,nico.ms/sm28749432,ピノキオピー,〇,
2017/09/29,恋の魔法,nico.ms/sm32013655,https://youtu.be/d0fUfLF-R_Q?si=4fz2wFnv9NRI44_Q,うらたぬき,－,nico.ms/sm31279716,西沢さんP,〇,
2017/10/18,輪廻転生,nico.ms/sm32118935,https://youtu.be/HV3-Ft_wIHI?si=SvgHUVhs2gVqYcS0,うらたぬき,－,nico.ms/sm32010061,まふまふ,〇,
2017/10/20,ハロウ！ゴーストシップ,nico.ms/sm32127872,https://youtu.be/1W37ClhyS-c?si=WoVlB2P-eN5jxcYI,浦島坂田船（うらたぬき・志麻・となりの坂田・センラ）,月森フユカ,オリジナル曲,ナユタン星人,〇,
2017/12/02,ロールプレイングゲーム,nico.ms/sm32355422,https://youtu.be/E286KqzpkKw?si=bKvNFnL-d0MJVqIU,そらまふうらさか（そらる・まふまふ・うらたぬき・あほの坂田）,りゅうせー,オリジナル曲,まふまふ,〇,そらまふうらさか初オリジナル曲
2017/12/03,ノンファンタジー,nico.ms/sm32362261,https://youtu.be/jbunbiQOTDc?si=IERv4wKFNWKUljo4,うらたぬき・あほの坂田（うらさか）,－,nico.ms/sm32350016,HoneyWorks,〇,
2017/12/15,シャルル,nico.ms/sm32424568,https://youtu.be/JOzFVwvI6e8?si=z7ynulw0vEMElE9C,うらたぬき,－,nico.ms/sm29822304,バルーン,〇,
2017/12/23,砂の惑星,nico.ms/sm32464376,https://youtu.be/23Bi-d_6hFs?si=o_WHlSxVghtx0SWp,うらたぬき・志麻,－,nico.ms/sm31606995,ハチ,〇,うらしま初コラボ
2018/01/05,テオ,nico.ms/sm32536454,https://youtu.be/nqtN-3UjDPo?si=-9rXjSxU_6I61Cj3,うらたぬき,－,nico.ms/sm31533883,Omoi,〇,
2018/02/04,リバーシブルキャンペーン,nico.ms/sm32686425,https://youtu.be/SNDOSHw8bm8?si=PcxcBVcI4dqGASHV,うらたぬき,－,nico.ms/sm29654974,DECO*27,〇,
2018/02/10,ドラマツルギー,nico.ms/sm32714570,https://youtu.be/-munGhLLyqY?si=MMRYSpRB9x1Kj2ma,うらたぬき,－,nico.ms/sm32076378,Eve,〇,
2018/02/14,はやくそれになりたい！,nico.ms/sm32738337,https://youtu.be/LOmOEKHSOjk?si=pdPhpiZRnfvyML7r,うらたぬき・あほの坂田・詩人（うらさか詩人）,くすのき,nico.ms/sm31192903,キノシタ,〇,
2018/02/23,そらに、ひらり,nico.ms/sm32783170,https://youtu.be/-OtyN0kXtBc?si=aVkBS4yWw2nItjCm,浦島坂田船（うらたぬき・志麻・となりの坂田・センラ）,月森フユカ,オリジナル曲,ハヤシケイ,〇,浦島坂田船アルバム「V-enus」収録曲
2018/03/09,明星ギャラクティカ,nico.ms/sm32856669,https://youtu.be/MEDZ2KvJ6h0?si=c-fqkeWrcP2ur2N6,浦島坂田船（うらたぬき・志麻・となりの坂田・センラ）,－,nico.ms/sm32769089,ナユタン星人,〇,
2018/03/19,年に一夜の恋模様,nico.ms/sm32909966,https://youtu.be/SCuP_XV2TGE?si=4M5Fq53pWC3fiLMV,浦島坂田船（うらたぬき・志麻・となりの坂田・センラ）,月森フユカ,オリジナル曲,まふまふ,〇,浦島坂田船アルバム「V-enus」収録曲
2018/03/31,チュルリラ・チュルリラ・ダッダッダ！,nico.ms/sm32972686,https://youtu.be/cmkSuR7XT5w?si=k6LsZG8UsK6HdoJp,うらたぬき feat.浦島坂田船,－,nico.ms/sm28276238,和田たけあき,〇,
2018/04/04,ロキ,nico.ms/sm33000077,,ぷすfeat.うらたぬき,－,nico.ms/sm32798041,みきとP,〇,
2018/04/07,ぽこぽこたぬきとぷすうさぎ,nico.ms/sm33011161,https://youtu.be/m-snOuvZB5M?si=s3lWcsydQyfl2B6x,うらたぬき・ぷす,れい,オリジナル曲,ぷす,〇,
2018/04/09,ロキ,nico.ms/sm33026378,https://youtu.be/_5Jq6MiqZ-w?si=DchLPb0q5OGh5NKt,うらたぬき・センラ（裏千家）,－,nico.ms/sm32798041,みきとP,〇,
2018/04/13,アウトサイダー,nico.ms/sm33044418,https://youtu.be/723xabIR8pM?si=QxbeRz9HZ7mqO_IF,うらたぬき,－,nico.ms/sm33009959,Eve,〇,
2018/04/21,私、アイドル宣言,nico.ms/sm33083036,https://youtu.be/K8Z-ODJckfo?si=UEkp9CMJrVck51H4,天月-あまつき-・うらたぬき,椿つばる,nico.ms/sm32825363,HoneyWorks,〇,うらつき初コラボ
2018/05/02,惑星ループ,nico.ms/sm33142396,https://youtu.be/xcw0wf_QbIs?si=t2B9CvhtZdROVz9n,うらたぬき,八三,nico.ms/sm29910955,ナユタン星人,〇,
2018/05/17,恋をしよう,nico.ms/sm33222069,https://youtu.be/dYrAbN2n1Fc?si=T80klosx7zeEXy8a,うらたぬき・あほの坂田（うらさか）,－,nico.ms/sm33208410,HoneyWorks,〇,
2018/06/11,Peacock Epoch,nico.ms/sm33349141,https://youtu.be/3_r9KsfdgpU?si=hnQ9oPp05QoDhmnF,浦島坂田船（うらたぬき・志麻・となりの坂田・センラ）,八三,オリジナル曲,halyosy,〇,浦島坂田船アルバム「V-enus」収録曲
2018/06/15,メリーバッドエンド,nico.ms/sm33366786,https://youtu.be/adh_w5coKD0?si=lDV0NrB4OlVHT0Ew,うらたぬき・志麻,－,nico.ms/sm32673722,まふまふ（鏡見て失神P）,〇,
2018/06/22,WAA!!!!,nico.ms/sm33404092,https://youtu.be/pXipsOb-br8?si=q1lw5lirMpHum3V6,うらたぬき・あほの坂田（うらさか）,－,nico.ms/sm33304576,Omoi,〇,
2018/07/10,Starry Cruise,nico.ms/sm33503425,https://youtu.be/SgaN6UOJvvA?si=5LhG1BdHf2yjc_T5,浦島坂田船（うらたぬき・志麻・となりの坂田・センラ）,月森フユカ,オリジナル曲,ハヤシケイ,〇,浦島坂田船アルバム「V-enus」収録曲
2018/07/21,グリーンライツ・セレナーデ,nico.ms/sm33560852,https://youtu.be/LyjXlcOquPs?si=SJylyDY1wjYm9bVo,うらたぬき,－,nico.ms/sm33480697,Omoi,〇,
2018/07/23,ユメミドリ,nico.ms/sm33574062,https://youtu.be/M1p5Ne9jJsY?si=BaAUcKwabwgHDaGG,うらたぬき・となりの坂田（うらさか）,macco,オリジナル曲,BACK-ON,〇,浦島坂田船アルバム「V-enus」収録曲
2018/07/29,SAILING!!!!!,nico.ms/sm33602871,https://youtu.be/RIyuSydISS8?si=cz0_ZQZ3w8ITYpHb,浦島坂田船（うらたぬき・志麻・となりの坂田・センラ）,月森フユカ,オリジナル曲,halyosy,〇,
2018/07/30,ハイヒール・プリンセス,nico.ms/sm33605144,https://youtu.be/BEMZkulTv3c?si=aJkU97hgxJB5K6qY,うらたぬき,水希,オリジナル曲,ナナホシ管弦楽団,〇,うらたぬきソロアルバム「GreedyWorld」収録曲
2018/08/09,Pink,nico.ms/sm33659046,https://youtu.be/VYhpycHvrT8?si=03B14txqdWg0Uj40,うらたぬき,RAHWIA,オリジナル曲,ぷす,〇,うらたぬきソロアルバム「GreedyWorld」収録曲
2018/08/31,だれかの心臓になれたなら,nico.ms/sm33780659,https://youtu.be/3DEeppS8MvU?si=DdrLgyQplNQ2jQpH,うらたぬき,－,nico.ms/sm32727744,ユリイ・カノン,〇,
2018/09/07,廃墟の国のアリス,nico.ms/sm33817175,https://youtu.be/7LGo5-14FEY?si=RZFecbeQrQ1U_z6J,うらたぬき,－,nico.ms/sm33715008,まふまふ（鏡見て失神P）,〇,
2018/09/22,かいしんのいちげき！,nico.ms/sm33899437,https://youtu.be/t50dedNXwRk?si=cjrGK1UyJFdeHI5s,うらたぬき・あほの坂田（うらさか）,－,nico.ms/sm33546188,天月-あまつき-,〇,
2018/10/07,君が飛び降りるのならば,nico.ms/sm33980207,https://youtu.be/jbUxqSE0zCQ?si=OU0VU20xsdRFHr1L,うらたぬき,－,nico.ms/sm32358510,Omoi,〇,
2018/10/09,夢ファンファーレ,nico.ms/sm33991936,https://youtu.be/24R9YvFKXHo?si=26_P4Sg_N_ZsVmAI,うらたぬき・あほの坂田（うらさか）,－,nico.ms/sm33978206,HoneyWorks,〇,
2018/10/18,永眠童話,nico.ms/sm34036865,https://youtu.be/yKBkQG2Cgjs?si=Nu58SUEnijxt3haY,うらたぬき,－,nico.ms/sm22765167,まふまふ,〇,
2018/10/23,グリムメイカー,nico.ms/sm34061910,https://youtu.be/sqcuIOwV5gU?si=RpeHedF_P6aTqImF,浦島坂田船（うらたぬき・志麻・となりの坂田・センラ）,月森フユカ,オリジナル曲,Junky mylist,〇,
2018/11/02,愛言葉Ⅲ,nico.ms/sm34111967,https://youtu.be/xJRp9X-YUOw?si=B-gA1FT32f0NX_ol,うらたぬき,－,nico.ms/sm33965071,DECO*27,〇,
2018/11/09,乱躁滅裂ガール,nico.ms/sm34146815j,https://youtu.be/9Lf44-1r5Jo?si=Y7BUZTHEcoZ9r4zU,うらたぬき,－,nico.ms/sm29782999,れるりり,〇,
2018/11/16,エフピーエス,nico.ms/sm34179219,https://youtu.be/zLnup1gskzU?si=TYn3MqyLgP-K_sxV,そらまふうらさか（そらる・まふまふ・うらたぬき・あほの坂田）,八三,オリジナル曲,まふまふ,〇,
2018/11/18,小さなライオン,nico.ms/sm34190435,https://youtu.be/-jt06aBdj-U?si=WpjctyAAcTOOyWmL,うらたぬき・あほの坂田 feat.志麻センラ,－,nico.ms/sm34102348,HoneyWorks,〇,
2018/12/02,ジグソーパズル,nico.ms/sm34256516,https://youtu.be/63_Ae5L3Ctk?si=Mu0YQ11lwBLkp2zp,うらたぬき,－,nico.ms/sm34214810,まふまふ（鏡見て失神P）,〇,
2018/12/07,ミスリード・ミスリード,nico.ms/sm34280591,https://youtu.be/XzHr0qSanMQ?si=hyqPl0jie7Qs-glq,うらたぬき,－,nico.ms/sm34111863,Omoi,〇,
2018/12/21,リコレクションエンドロウル,nico.ms/sm34351020,https://youtu.be/vSOq6_d95Bk?si=_8Fax2ACPajqPmO_,うらたぬき・センラ（裏千家）,－,nico.ms/sm33477835,ツミキ,〇,
2018/12/30,フィクサー,nico.ms/sm34400337,https://youtu.be/fAjzZpPooHA?si=K0ZDeB7o-UEwsXa3,うらたぬき,－,nico.ms/sm30868619,ぬゆり,〇,
2019/01/01,フィアンセ,nico.ms/sm34411470,https://youtu.be/ip3aPzWGU5c?si=_C01zxYDWyNMlg2l,うらたぬき・あほの坂田（うらさか）,桐谷,オリジナル曲,HoneyWorks,〇,
2019/01/18,愛してる,nico.ms/sm34492111,https://youtu.be/1Devx6SybTo?si=69M-z9p3w5sd-dVN,うらたぬき,－,nico.ms/sm19963970,れるりり,〇,
2019/02/08,Mermaid,nico.ms/sm34592416,https://youtu.be/mSWdVkPmbSQ?si=N6Gp0RhTzr8-S4Sc,うらたぬき,八三,nico.ms/sm31365823,buzzG,〇,
2019/02/15,やっぱ最強！,nico.ms/sm34635369,https://youtu.be/T1Qn96rcFaE?si=iopfc1GTor0Fs4Uh,うらたぬき・あほの坂田（うらさか）,－,nico.ms/sm34472055,HoneyWorks,〇,
2019/03/01,誠-Live for Justice-,nico.ms/sm34710654,https://youtu.be/GTQUJ8pcTeA?si=PUtEP8KCRgrtmN9Y,浦島坂田船（うらたぬき・志麻・となりの坂田・センラ）,月森フユカ,オリジナル曲,前山田健一,〇,浦島坂田船アルバム「$HUFFLE」収録曲
2019/03/07,合戦,nico.ms/sm34737518,https://youtu.be/N1qXZXUFSxM?si=K7PYggrH4Yj1lpg2,浦島坂田船（うらたぬき・志麻・となりの坂田・センラ）,緋いろ,オリジナル曲,HoneyWorks,〇,浦島坂田船シングル「明日へのBye Bye」収録曲
2019/03/21,ハローディストピア,nico.ms/sm34815887,https://youtu.be/kMO8nZzO4ZQ?si=KaPuxSGsrlpwVkj5,うらたぬき・志麻,－,nico.ms/sm33260180,まふまふ（鏡見て失神P）,〇,
2019/03/28,映えラヴ,nico.ms/sm34865954,https://youtu.be/m-oBRDh2sVY?si=5paYGtkOEHswBjJa,うらたぬき,－,nico.ms/sm34774615,HoneyWorks,〇,
2019/04/26,乙女解剖,nico.ms/sm35029362,https://youtu.be/2J4sbDe0df0?si=MnUFkhSi75fStVry,うらたぬき,－,nico.ms/sm34470195,DECO*27,〇,
2019/04/27,スーサイドパレヱド,nico.ms/sm35032720,https://youtu.be/udd9gQZ6LK4?si=m5LX_E7-JIJbJ4g3,うらたぬき,－,nico.ms/sm31592413,ユリイ・カノン,〇,
2019/04/28,ライアーダンス,nico.ms/sm35038387,https://youtu.be/mqExAAp-0e4?si=x93i4zyvigE4y5XR,うらたぬき,－,nico.ms/sm28929186,DECO*27,〇,
2019/04/29,ポーカーフェイク,nico.ms/sm35040801,https://youtu.be/SBp_mOAtJFY?si=RhgnlGq2WFczpqUJ,浦島坂田船（うらたぬき・志麻・となりの坂田・センラ）,RAHWIA,オリジナル曲,奏音69,〇,浦島坂田船アルバム「$HUFFLE」収録曲
2019/04/30,虎視眈々,nico.ms/sm35051141,https://youtu.be/r_nMlyu-ozE?si=yEhP8KdaamoqAHxm,うらたぬき,ここかなた,nico.ms/sm22110492,梅とら,〇,
2019/05/01,妄想感傷代償連盟,nico.ms/sm35059293,https://youtu.be/AJF-bcHP_1Q?si=Mo-Ni3otyUw6sgQZ,うらたぬき,－,nico.ms/sm30067009,DECO*27,〇,
2019/05/02,宇宙戦艦ヤマト,nico.ms/sm35063113,https://youtu.be/QZBX-7jLoZw?si=o2IzVydT_Ypz5XUR,うらたぬき,－,未投稿,宇宙戦艦ヤマト,〇,
2019/05/03,ぼくらのレットイットビー,nico.ms/sm35067876,https://youtu.be/h22DCcAnUas?si=gPU_j8jNkGsbT3rX,うらたぬき,－,nico.ms/sm16844849,HarryP（はりーP）,〇,
2019/05/04,命に嫌われている。,nico.ms/sm35071618,https://youtu.be/oZ5hubIqK_8?si=m9CsVd6jNfGPl4MK,うらたぬき,－,nico.ms/sm31700140,カンザキイオリ,〇,
2019/05/05,いかないで-piamo arrange ver.-,nico.ms/sm35076619,https://youtu.be/C_LDM9VDdsI?si=z9OiMRXW2s7LEwzI,うらたぬき,桐谷,nico.ms/sm22001720,想太,〇,
2019/05/24,"Trip-Trap, Love Trap!!",nico.ms/sm35165618,https://youtu.be/9monUVYnKIM?si=bfLhR7FkqVGzmVXY,うらたぬき・となりの坂田（うらさか）,MACCO,オリジナル曲,Q-MHz,〇,浦島坂田船アルバム「$HUFFLE」収録曲
2019/06/14,ワールドドミネイション,nico.ms/sm35260323,https://youtu.be/QMGvSE9CyaY?si=gWVs1xANbtfcKKzq,ひきフェス2019一同（天月-あまつき-・あほの坂田・あらき・Eve・un:c・うらたぬき・佐香智久（少年T）・志麻・センラ・sou・そらる・nqrse・まふまふ・luz）,たま,オリジナル曲,まふまふ,〇,
2019/06/15,生意気ハニー,nico.ms/sm35266187,https://youtu.be/fbaTLYM5_fY?si=i68H5jny-wt0fh3i,うらたぬき,－,nico.ms/sm35163704,HoneyWorks,〇,録り直し音源
2019/06/25,Gamechanger,nico.ms/sm35312132,https://youtu.be/cNnLPLK22m0?si=0FKVXOKmdqR4_60H,浦島坂田船（うらたぬき・志麻・となりの坂田・センラ）,はくり,オリジナル曲,堀江晶太,〇,浦島坂田船アルバム「$HUFFLE」収録曲
2019/07/19,花吹雪,nico.ms/sm35420457,https://youtu.be/MjYXxim3PHY?si=cKyRDrp3DtZlT2fB,浦島坂田船（うらたぬき・志麻・となりの坂田・センラ）,冬臣・MACCO,オリジナル曲,まふまふ,〇,浦島坂田船アルバム「$HUFFLE」収録曲
2019/07/21,ファンサ,nico.ms/sm35430725,https://youtu.be/XPTuff6Lsqo?si=HC9NUXHwKFXU3ObY,うらたぬき・天月-あまつき-,椿つばる,nico.ms/sm35288422,HoneyWorks,〇,
2019/08/05,帝王教育,nico.ms/sm35496665,https://youtu.be/l3no7REQ7Yc?si=7cgLVHBo2TyeZGmE,うらたぬき,－,nico.ms/sm35258454,Omoi,〇,
2019/08/09,誘惑,nico.ms/sm35509406,https://youtu.be/UwV1jqr05qU?si=AGEEHkN_kdYqr3aN,うらたぬき,RAHWIA,オリジナル曲,亜沙,〇,うらたぬきソロアルバム「Unlimited」収録曲
2019/08/16,グッデストルーラー,nico.ms/sm35545986,https://youtu.be/FCiCWblOJto?si=4z2ya0XKL8p1CbMX,うらたぬき,冬臣,オリジナル曲,ナナホシ管弦楽団,〇,うらたぬきソロアルバム「Unlimited」収録曲
2019/08/30,おねがいダーリン,nico.ms/sm35611234,https://youtu.be/wElVjqMvgho?si=EPivujfmg6IILNT4,うらたぬき・nqrse,八三・みず希,nico.ms/sm26099756,ナナホシ管弦楽団,〇,
2019/10/04,Beetle Battle,nico.ms/sm35765180,https://youtu.be/krYWdwYH7Fk?si=s0-g0kzeqDToSTo3,浦島坂田船（うらたぬき・志麻・となりの坂田・センラ）,月森フユカ,オリジナル曲,halyosy,〇,浦島坂田船アルバム「$HUFFLE」収録曲（一部内容変更）
2019/10/11,好きって言って,nico.ms/sm35799280,https://youtu.be/zgDLHB0Uiww?si=4TEPYsoZmQOTynSX,うらたぬき,－,nico.ms/sm34765145,ちいたな,〇,
2019/10/14,HORRORISM,nico.ms/sm35813604,https://youtu.be/B5uvitYNzoY?si=9hrVilm4zTO6zVTg,浦島坂田船（うらたぬき・志麻・となりの坂田・センラ）,月森フユカ,オリジナル曲,Junky,〇,
2019/10/18,ハングリー・ゴースト,nico.ms/sm35827128,https://youtu.be/RdPxBp5Xexk?si=Z4Fjjxe6B5KYamaH,浦島坂田船（うらたぬき・志麻・となりの坂田・センラ）,八三,オリジナル曲,DECO*27,〇,浦島坂田船シングル「Gotcha!!」収録曲
2019/10/18,林檎花火とソーダの海,nico.ms/sm35829036,https://youtu.be/4CZLPWugRTQ?si=z72iez03heoXvLId,うらたぬき,－,nico.ms/sm24205476,まふまふ（鏡見て失神P）,〇,
2019/12/13,リフジンセイロンパ,nico.ms/sm36080043,https://youtu.be/jnr44Hb9x9M?si=2b9mxkL7N7sE4wXD,うらたぬき・まふまふ,狂zip・△○□×,オリジナル曲,まふまふ,〇,
2019/12/14,金星のダンス,nico.ms/sm36084372,https://youtu.be/D9Tc_p8y8XA?si=fDW4J7eLJdZf8SOw,そらる・うらたぬき,はくり,nico.ms/sm33481720,ナユタン星人,〇,そらうら初コラボ
2019/12/16,カレンダーリマインダー,nico.ms/sm36090733,https://youtu.be/kiDTpB5GO3E?si=ruF_lwzbSCZbRgwS,浦島坂田船（うらたぬき・志麻・となりの坂田・センラ）,GAINAX京都,オリジナル曲,halyosy,〇,TVアニメ「浦島坂田船の日常」オープニングテーマ
2019/12/20,ダークサイドファンタジー,nico.ms/sm36107367,https://youtu.be/8dmaZqm3BG8?si=fmVNNHoSk5zpvTtl,うらたぬき・あほの坂田（うらさか）,八三,オリジナル曲,TAKA3,〇,
2019/12/23,4 REAL IN ACTION!!!!,nico.ms/sm36123115,https://youtu.be/CcXEgyLLozc?si=xWFOwMKdzhLz9xNQ,浦島坂田船（うらたぬき・志麻・となりの坂田・センラ）,RAHWIA,オリジナル曲,JUON,〇,浦島坂田船シングル「Gotcha!!」収録曲
2020/01/01,奇跡さえも,nico.ms/sm36168934,https://youtu.be/Mofv56BBCos?si=71YH37sIfQBKwifZ,うらたぬき,－,nico.ms/sm34873394,Omoi,〇,
2020/01/10,ベノム,nico.ms/sm36207483,https://youtu.be/vF40o6ScqAc?si=OtdzY9ciJwbNdbDh,浦島坂田船（うらたぬき・志麻・となりの坂田・センラ）,のう,nico.ms/sm33624822,かいりきベア,〇,
2020/01/17,失敗作少女,nico.ms/sm36235710,https://youtu.be/Idim2C5KFPI?si=ckmlFNLrPzI91SS3,うらたぬき,－,nico.ms/sm26885931,かいりきベア,〇,
2020/02/07,Burn it down,nico.ms/sm36327624,https://youtu.be/B_cfl1JVipY?si=BkcNHb_90K-C39FV,うらたぬき・志麻,夏生,オリジナル曲,ヒロイズム、take4,〇,
2020/02/08,ホワイトハッピー,nico.ms/sm36335467,https://youtu.be/LStn_jxP0ZI?si=WF6rB_whY4AWy664,うらたぬき,－,nico.ms/sm31485619,MARETU,〇,
2020/02/19,花や、花,nico.ms/sm36389252,https://youtu.be/FlvsZ0TN_e4?si=eSCva_gm846qdODb,浦島坂田船（うらたぬき・志麻・となりの坂田・センラ）,MACCO,オリジナル曲,鳥屋茶房,〇,
2020/02/21,花魁俺嵐コンフュージョン,nico.ms/sm36398129,https://youtu.be/ee1Hi-r04Dw?si=wb2GgjZ_WNYN1nUN,浦島坂田船（うらたぬき・志麻・となりの坂田・センラ）,月森フユカ,オリジナル曲,Q-MHz,〇,
2020/02/28,決戦スピリット,nico.ms/sm36432667,https://youtu.be/k4TImS4I_fg?si=qauvncrQ99FRgEsp,うらたぬき feat.浦島坂田船,－,nico.ms/sm36420308,HoneyWorks,〇,
2020/03/06,ニビイロドロウレ,nico.ms/sm36468708,https://youtu.be/MEneMAzSa9w?si=oD7nJX3Z_MkVnauf,うらたぬき・センラ（裏千家）,－,nico.ms/sm34393059,ツミキ,〇,
2020/03/14,吉原ラメント,nico.ms/sm36510648,https://youtu.be/oG-oNCJJ4zo?si=nihE-bGxYz9wfFXD,浦島坂田船（うらたぬき・志麻・あほの坂田・センラ）,シア,nico.ms/sm18395392,小山野,〇,
2020/03/14,ヴィラン,nico.ms/sm36511541,https://youtu.be/86obEYuJnq0?si=0D5276ijHi5gBSLR,うらたぬき,－,nico.ms/sm36332327,てにをは,〇,
2020/04/18,アンヘル,nico.ms/sm36698489,https://youtu.be/GdK7JNxdSzI?si=DBXGwiKmc-_nLjLp,うらたぬき,－,nico.ms/sm34871494,かいりきベア,〇,
2020/05/01,Booo!,nico.ms/sm36777932,https://youtu.be/pr682QiueXE?si=2xeTmkP2iuXHoHJU,うらたぬき,－,nico.ms/sm34067662,西沢さんP,〇,
2020/05/02,アンドロイドガール,nico.ms/sm36784378,https://youtu.be/Uqr2suHLcj4?si=dphJG1741x6eHXNB,うらたぬき,－,nico.ms/sm35070488,DECO*27,〇,
2020/05/03,フラジール,nico.ms/sm36791044,https://youtu.be/uR9cOJX5sMk?si=dvVXxdQs8z6gHfs8,うらたぬき,－,nico.ms/sm29610327,ぬゆり,〇,
2020/05/04,威風堂々,nico.ms/sm36798981,https://youtu.be/yVOq2wWBKUU?si=P6UVx68RyGr3eHpE,うらたぬき,ここかなた,nico.ms/sm19233263,梅とら,〇,
2020/05/05,カンタレラ,nico.ms/sm36805057,https://youtu.be/6qSSa30t2P4?si=L8V5qdbkeK0B57OC,うらたぬき,ここかなた,nico.ms/sm2393562,黒うさP,〇,
2020/05/06,コールボーイ,nico.ms/sm36811568,https://youtu.be/EP7L-biqj0Q?si=Ocix2J85P-ruigjN,うらたぬき,－,nico.ms/sm34963017,syudou,〇,
2020/05/18,花鳥風月,nico.ms/sm36877758,https://youtu.be/9v2tMW7CLMA?si=6lV795smRHB4_MM1,うらたぬき,－,nico.ms/sm31108946,まふまふ,〇,浦島坂田船オリジナル曲
2020/05/29,Here We Are,nico.ms/sm36900845,https://youtu.be/Ia5Q19SX5sQ?si=-urXariuIvPQjgC6,浦島坂田船（うらたぬき・志麻・となりの坂田・センラ）,みっ君,オリジナル曲,ヒロイズム,〇,うらたぬき2019ソロアルバム「Unlimited」収録曲
2020/05/31,携帯恋話,nico.ms/sm36956557,https://youtu.be/6UfgI_JLAzc?si=oJbzovE6LXgEXpbk,うらたぬき,－,nico.ms/sm36903498,まふまふ,〇,
2020/06/06,自堕落,nico.ms/sm36987117,https://youtu.be/6IEuiQSonzA?si=pv5Ond9BIX_y7yf8,うらたぬき,－,nico.ms/sm36823780,こめだわら,〇,
2020/06/09,おどりゃんせ,nico.ms/sm37003824,https://youtu.be/VOcsKPrbCK8?si=acWdPZhEMWEPxENO,うらたぬき・あほの坂田（うらさか）,－,nico.ms/sm29911405,ユリイ・カノン,〇,
2020/07/03,ボッカデラベリタ,nico.ms/sm37127544,https://youtu.be/2xQSAcjJdbY?si=WAN4Edqk1dRhGnH4,うらたぬき,－,nico.ms/sm36731216,柊キライ,〇,
2020/07/10,大喝采,－,https://youtu.be/sxfEBWSjEuA?si=KJNxL15yXNgNkZV9,うらたぬき・センラ（裏千家）,八三,オリジナル曲,ナナホシ管弦楽団,〇,
2020/07/11,エバ,nico.ms/sm37174106,https://youtu.be/JPxjJ5uiHQM?si=gjUeSphcbHrsGpuS,うらたぬき,－,nico.ms/sm36165193,柊キライ,〇,
2020/07/17,オートファジー,nico.ms/sm37201504,https://youtu.be/q_aYZYxULvM?si=lo9k0BqQ2kj3rcF_,うらたぬき,－,nico.ms/sm35562199,柊キライ,〇,
2020/07/23,スカーレ,nico.ms/sm37229772,https://youtu.be/r2yeX-KMOqI?si=VFRHffId1neHch1L,うらたぬき,のう,オリジナル曲,かいりきベア,〇,うらたぬきソロアルバム「date.」収録曲
2020/07/25,かっこよくなりたい【可愛くなりたい-another story-】,nico.ms/sm37229772,https://youtu.be/Sk00fKIq0ts?si=uDNkAgMcNcSOWjDG,うらたぬき,－,https://youtu.be/7yZw-J8ynnQ?si=vP0NI1LrSfoXSt0W,HoneyWorks,〇,
2020/08/09,ハロライン-Arrange ver.-,nico.ms/sm37321274,https://youtu.be/JyUJx7iifok?si=akXY6CGEyrLOvIhx,うらたぬき,さとこう,nico.ms/sm20650726,たるとP,〇,
2020/08/10,KING,nico.ms/sm37332045,https://youtu.be/Q0YEnWHP4-k?si=QCTz4jm7euY3lORn,うらたぬき,－,nico.ms/sm37287661,Kanaria,〇,
2020/08/28,1％の恋人,nico.ms/sm37429449,https://youtu.be/SamwTDIzQAg?si=iSpZzObBTYzNETud,うらたぬき,－,nico.ms/sm37354592,HoneyWorks,〇,
2020/09/01,ダーリンダンス,nico.ms/sm37453373,https://youtu.be/e54v-Uduer0?si=hzoxCe_VHuu675P6,うらたぬき,－,nico.ms/sm37441963,かいりきベア,〇,
2020/09/10,ネロイズム,nico.ms/sm37497469,https://youtu.be/aES-gLK323M?si=GwmfKTxcvtlDGMsj,うらたぬき,－,nico.ms/sm37467621,かいりきベア,〇,
2020/09/28,RAINBOW,－,https://youtu.be/pBvekCbrP74?si=JkDk5dG_yiD-05Go,浦島坂田船（うらたぬき・志麻・となりの坂田・センラ）,－,オリジナル曲,ヒロイズム,〇,浦島坂田船アルバム「RAINBOW」収録曲
2020/10/03,YELLOW FINEST,－,https://youtu.be/YwJeQ1FgCCw?si=22-BSS5TGFjdA5HI,浦島坂田船（うらたぬき・志麻・となりの坂田・センラ）,－,オリジナル曲,TAKAROT,〇,浦島坂田船アルバム「RAINBOW」収録曲
2020/10/04,アルティメット,nico.ms/sm37621137,https://youtu.be/Pu0dQG_Dq0c?si=6QwINHIqC7UBmVDo,うらたぬき,－,nico.ms/sm34074975,*Luna,〇,
2020/10/17,立ち入り禁止,－,https://youtu.be/8vrfFeVthjI?si=Hr-1TMI1-sjW2fOS,うらたぬき,－,https://youtu.be/6IKqsDuUqWw?si=Kf-0h0YLUfKeX1Z-,まふまふ,〇,浦島坂田船歌ってみたツアー
2020/10/22,夜に駆ける,nico.ms/sm37705892,https://youtu.be/EwjkMUbns4U?si=tHzvo71weyekA51Q,うらたぬき,－,nico.ms/sm35979548,YOASOBI,〇,
2020/10/24,Bad Monster,－,https://youtu.be/v5WjwH5p1nA?si=ys4vD0vHXJUn14SG,浦島坂田船（うらたぬき・志麻・となりの坂田・センラ）,RAHWIA,オリジナル曲,梅とら,〇,
2020/10/31,SPOOKY MAGICAL NIGHT,－,https://youtu.be/asYfnVDGPbk?si=i9j4jfjKE8gwRYaS,浦島坂田船（うらたぬき・志麻・となりの坂田・センラ）,月森フユカ,オリジナル曲,Junky,〇,
2020/11/15,VS,－,https://youtu.be/TfCCulIRxtA?si=u1oiU5nfhPLaLeQt,うらたぬき・となりの坂田（うらさか）,MACCO,オリジナル曲,TAKE,〇,浦島坂田船アルバム「RAINBOW」収録曲
2020/11/22,愚かなオルカ,－,https://youtu.be/vLkL0SNCKgA?si=fHCWyP7cYl0SIyqi,うらたぬき,RAHWIA,オリジナル曲,halyosy,〇,うらたぬきソロアルバム「date.」収録曲
2020/11/27,ホエールホール,－,https://youtu.be/QhObEaSHJWQ?si=T5txr1aqC-gMI81A,浦島坂田船（うらたぬき・志麻・となりの坂田・センラ）,夏生,オリジナル曲,halyosy,〇,浦島坂田船アルバム「RAINBOW」収録曲
2020/12/01,微笑、香り、君と僕を繋ぐ,－,https://youtu.be/lgGhQT1dWoc?si=OiT3kk_Y1nDWXifc,浦島坂田船（うらたぬき・志麻・となりの坂田・センラ）,狂zip,オリジナル曲,梅とら,〇,浦島坂田船アルバム「RAINBOW」収録曲
2020/12/05,レッドホットクレイジーナイト,－,https://youtu.be/wZ3OhkIq23I?si=ro6CY7PTAQt4MgHp,浦島坂田船（うらたぬき・志麻・となりの坂田・センラ）,RAHWIA,オリジナル曲,堀江晶太,〇,浦島坂田船アルバム「RAINBOW」収録曲
2020/12/12,I Love...,－,https://youtu.be/QVGGyqn-Iyg?si=QKTeLflueYw6-v_f,うらたぬき,こここなた,https://youtu.be/bt8wNQJaKAk?si=pCIjIlZKwUY9ey6O,Official髭男dism,〇,
2020/12/24,ベノム,－,https://youtu.be/BjwTiWJ8qHY?si=ov3d1vJrrSxqcnfk,うらたぬき,のう,https://youtu.be/oRJBwaZ59fQ?si=jfiGw9TZ0HMVG2-G,かいりきベア,〇,浦島坂田船歌ってみたツアー
2020/12/24,ナイトメリーハッピネス,－,https://youtu.be/7O28Vo-N-k4?si=qPNPcGfCoskxJfSV,浦島坂田船（うらたぬき・志麻・となりの坂田・センラ）,MACCO,オリジナル曲,かいりきベア,〇,
2020/12/28,Dreamer -5th Anniversary Ver.-,－,https://youtu.be/TUSXZzvR-AY?si=p4UoYuZh4kgWPFdY,浦島坂田船（うらたぬき・志麻・となりの坂田・センラ）,－,オリジナル曲,Sum,〇,
2021/01/23,うっせぇわ,,https://youtu.be/vSzVyUrrnyQ?si=9w_6EraO3UZfq4ba,,,,,〇,
2021/02/08,最強Drive!!,－,https://youtu.be/xIlkGmeKIpY?si=XYCcom1GNqnn35P8,浦島坂田船（うらたぬき・志麻・となりの坂田・センラ）,のう,オリジナル曲,Q-MHz,〇,浦島坂田船アルバム「RAINBOW」収録曲
2021/02/12,SWEET TASTE PRESENT,－,https://youtu.be/KtJEZPMpeys?si=eeBRlnQ7vdrMxa7y,浦島坂田船（うらたぬき・志麻・となりの坂田・センラ）,RAHWIA,オリジナル曲,玉屋2060％（Wienners）,〇,浦島坂田船アルバム「L∞VE」収録曲
2021/02/22,猫,－,https://youtu.be/HR8o8InU3JY?si=HX1TS2StdMLcdr8x,うらたぬき,ここかなた,https://youtu.be/gsT6eKsnT0M?si=BAFHSoNNOfg-SrGF,DISH//,〇,
2021/02/26,返り咲,－,https://youtu.be/H69cb_nR7q0?si=qbhGA2hdjbF3hJ4l,浦島坂田船（うらたぬき・志麻・となりの坂田・センラ）,MACCO,オリジナル曲,烏屋茶房,〇,
2021/03/05,エンヴィーベイビー,nico.ms/sm38370338,https://youtu.be/mayJUUs2Zk8?si=sbPiN7hoOjJ1s16u,うらたぬき,－,nico.ms/sm38268550,Kanaria,〇,
2021/03/18,Boohoo,－,https://youtu.be/oIG3ne9N-Pg?si=Ek5M2A2CfSIzH9LN,浦島坂田船（うらたぬき・志麻・となりの坂田・センラ）,八三,オリジナル曲,DECO*27,〇,浦島坂田船アルバム「L∞VE」収録曲
2021/03/26,きっと大丈夫,－,https://youtu.be/WvFbdyDbVgQ?si=T-X0rou5HsIobvYq,うらたぬき,たま,オリジナル曲,針原翼（はりーP）,〇,
2021/03/30,完全燃焼 〜春祭り〜,－,https://youtu.be/rWb2y50HK44?si=LAdtwCUo5zeFABmD,浦島坂田船（うらたぬき・志麻・となりの坂田・センラ）,狂zip,オリジナル曲,JUON,〇,
2021/05/01,SWEETS DATE,－,https://youtu.be/D51eF1jLyoE?si=36onS-dzBmPed0BV,うらたぬき,たま,オリジナル曲,take4,〇,
2021/05/05,Recipe,－,https://youtu.be/CvtAuMy1zME?si=hzMKmpUXSfGJeTvC,浦島坂田船（うらたぬき・志麻・となりの坂田・センラ）,はくり,オリジナル曲,ゆよゆっぺ,〇,
2021/05/14,ラヴィト,nico.ms/sm38732654,https://youtu.be/WBT7nO-FUgg?si=VfMw4SOsVHAxkW1N,うらたぬき,－,nico.ms/sm37674814,ピノキオピー,〇,
2021/05/21,フランマ,－,https://youtu.be/ceWH-mZ-RHo?si=ofIT3vkBDgdhJ04d,浦島坂田船（うらたぬき・志麻・となりの坂田・センラ）,RAHWIA,オリジナル曲,奏音69,〇,浦島坂田船アルバム「L∞VE」収録曲
2021/05/27,ヴァンパイア,－,https://youtu.be/diNupFvAq44?si=uk8vrmXUArAD30hT,浦島坂田船（うらたぬき・志麻・あほの坂田・センラ）,たまごん,https://youtu.be/e1xCOsgWG0M?si=aCwRPjkyIx8ijFPA,DECO*27,〇,
2021/06/02,爆笑,－,https://youtu.be/XMq-mgawYws?si=R63a67CE7rZKPJca,うらたぬき,－,https://youtu.be/KQPpw3dzEks?si=w-tcI6CbFyBTp3UR,syudou,〇,
2021/06/05,グッバイ宣言,nico.ms/sm38840584,https://youtu.be/vI9OnQwiDpA?si=NqRvEbj582_x4Qon,うらたぬき,ナス子,nico.ms/sm36668789,Chinozo,〇,
2021/06/11,ワナビークインビー,－,https://youtu.be/hdNPTJHLLm8?si=1scYJerNUzXY5jH1,浦島坂田船（うらたぬき・志麻・となりの坂田・センラ）,八三,オリジナル曲,halyosy,〇,浦島坂田船アルバム「L∞VE」収録曲
2021/06/18,世界で一番好きな名前,－,https://youtu.be/Z8Gvk1wY9OM?si=dBzYYEgm7WBg2FQM,浦島坂田船（うらたぬき・志麻・となりの坂田・センラ）,煮たか,オリジナル曲,HoneyWorks,〇,浦島坂田船アルバム「L∞VE」収録曲
2021/06/20,シンデレラガール,－,https://youtu.be/AIriypgpaCQ?si=LxbQylvBVl1KD7qB,浦島坂田船（うらたぬき・志麻・あほの坂田・センラ）,minato,https://youtu.be/Hx9iZZCrQeE?si=4J9G1lzaCEG3C1m4,King & Prince,〇,
2021/06/21,FAKE STAR,nico.ms/sm38919180,https://youtu.be/o-9B_3jZkrg?si=LrcgQ1dhZ8J5mxN7,うらたぬき・Gom,ヤマコ,オリジナル曲,HoneyWorks,〇,
2021/06/27,おじゃま虫Ⅱ,nico.ms/sm38946534,https://youtu.be/waeNYm73qVE?si=V1pBrMS-_CNImWI4,うらたぬき,－,nico.ms/sm38936794,DECO*27,〇,
2021/07/03,生涯ライバル,－,https://youtu.be/4w-VO23lS3A?si=wZ5cToZeAif0mKbv,うらたぬき・となりの坂田（うらさか）,八三,オリジナル曲,halyosy,〇,浦島坂田船アルバム「L∞VE」収録曲
2021/07/07,シザーナイフ,－,https://youtu.be/xXgdMD7wK8A?si=HfcwceMZLvwGBXAG,浦島坂田船（うらたぬき・志麻・となりの坂田・センラ）,寺田てら,オリジナル曲,まふまふ,〇,浦島坂田船アルバム「L∞VE」収録曲
2021/07/22,月夜,－,https://youtu.be/guuXeUJZJRo?si=JA8nWOQiJ44kQLLi,浦島坂田船（うらたぬき・志麻・となりの坂田・センラ）,狂zip,オリジナル曲,SHIROSE from WHITE JAM,〇,浦島坂田船アルバム「L∞VE」収録曲
2021/08/02,ライブラリ・ライブラ,－,https://youtu.be/0-IDk9XqZkE?si=iYAi_1-X-L9Ku18O,うらたぬき,八三・水希,オリジナル曲,ナナホシ管弦楽団,〇,うらたぬきソロアルバム「date.」収録曲
2021/08/09,恋のMAGIC,－,https://youtu.be/Wl-b4bT4d9I?si=HdXL4FQ3T0SqW9uR,うらたぬき,RAHWIA,オリジナル曲,玉屋2060％,〇,
2021/08/12,シンデレラ,nico.ms/sm39170340,https://youtu.be/iKc6d-g6-cM?si=dowdS2p7_jmEsm3w,うらたぬき,May,nico.ms/sm39053581,DECO*27,〇,
2021/08/17,カレシのジュード,nico.ms/sm39195961,https://youtu.be/L-OJhhcVppA?si=XIu8L7vdNBivRqW2,うらたぬき,－,nico.ms/sm39171468,syudou,〇,
2021/09/17,SPICE!,nico.ms/sm39343651,https://youtu.be/k0WakV5G8-Q?si=mjQv8LEybiPSCn00,うらたぬき,夏生,nico.ms/sm2528674,湊 貴大(流星P) / トゥライ様,〇,
2021/10/15,Happy Halloween,－,https://youtu.be/IXAdSEKCDrE?si=pwcE8326SF9W0E0s,浦島坂田船（うらたぬき・志麻・あほの坂田・センラ）,MACCO・八三,https://youtu.be/1DcgczDzQPk?si=tjZF68C2Y1-8bI8U,Junky,〇,
2021/10/16,OHAYO,－,https://youtu.be/ej7nr3190As?si=HXs1t_DW93F6sFbm,うらたぬき,ここかなた,オリジナル曲,ヒロイズム,〇,
2021/10/20,メロ,－,https://youtu.be/4MBe241IfP4?si=d5WdZBUGO_THVf7E,うらたぬき,冥,https://youtu.be/roQxhYTrbJU?si=LuQDhSEWsaFVrAtj,かいりきベア,〇,センラソロアルバム「A la mode」収録曲
2021/10/22,カモフラ,－,https://youtu.be/GsQVY-2Y5ug?si=nN9cd0P7UG3s-yG1,浦島坂田船（うらたぬき・志麻・となりの坂田・センラ）,RAHWIA,オリジナル曲,ピノキオピー,〇,
2021/10/23,リアルにぶっとばす,nico.ms/sm39521806,https://youtu.be/AXOY1ESYqVk?si=2aLpECeoR5hm6FDQ,うらたぬき,－,nico.ms/sm38352773,ピノキオピー,〇,
2021/11/06,ねぇねぇねぇ。,－,https://youtu.be/wo70SGzZLZc?si=mprC4SGu8Ya5DaVe,うらたぬき・あほの坂田（うらさか）,冥,https://youtu.be/w8yweCungCE?si=yKQEoH0q4IoEY09h,ピノキオピー,〇,
2021/11/12,モザイクロール (Reloaded),－,https://youtu.be/7XVO7iRWtkE?si=70vonBBxJ0joQ9OD,うらたぬき・センラ（裏千家）,たまごん,https://youtu.be/WysuxO4yR04?si=2KGmHozWnbk2Pd9V,DECO*27,〇,
2021/11/20,トンデモワンダーズ,nico.ms/sm39647253,https://youtu.be/TsWHdBqT7bM?si=RbigEpWfc5Eif_fZ,うらたぬき,冥,nico.ms/sm38907008,sasakure.UK,〇,
2021/11/23,阿修羅ちゃん,－,https://youtu.be/xyK0g97zh80?si=a78cMEy-wF98wGLA,うらたぬき,－,https://youtu.be/cyq5-StPISU?si=M7iUIcYbTz54TIny,Ado,〇,
2021/12/03,ニュートンダンス,－,https://youtu.be/m0u-IDOeoV4?si=46K0zFOwJkGpQHnq,うらたぬき・志麻,冥,https://youtu.be/ZnroCM3V7eA?si=sEyNN01Ftrw244Bf,ナユタン星人・Chinozo,〇,
2021/12/10,パンダヒーロー,－,https://youtu.be/H5sPhtGE1fU?si=IGl_iHMd87Wkduh1,浦島坂田船（うらたぬき・志麻・あほの坂田・センラ）,スオウ,https://youtu.be/0RU_05zpETo?si=QDYWDclnu-kDyShr,ハチ,〇,
2021/12/11,エリート,nico.ms/sm39739941,https://youtu.be/zK1SLrFqYXQ?si=JiCdsuh-bOVPORgy,うらたぬき,冥,nico.ms/sm39570961,Chinozo,〇,
2021/12/17,プレゼント,－,https://youtu.be/WBSJdNKFIOw?si=HoN4jbQa5k8KXRlT,浦島坂田船（うらたぬき・志麻・となりの坂田・センラ）,煮たか,オリジナル曲,DECO*27,〇,
2021/12/18,アニマル,nico.ms/sm39771123,https://youtu.be/ELPaWiiwsvo?si=wezzfr2u8XDEVnyz,うらたぬき,冥,nico.ms/sm39722490,DECO*27,〇,
2021/12/25,なにやってもうまくいかない,－,https://youtu.be/DuAy27VCJ7Q?si=ZPwyLKKuhyWEHKvs,浦島坂田船（うらたぬき・志麻・あほの坂田・センラ）,冥,https://youtu.be/vxoKuhPca-A?si=FIXtyq2OmpKjUWgN,meiyo,〇,
2021/12/30,え？あぁ、そう。 -10th Anniversary Edition-,－,https://youtu.be/wGTTj3MNb2A?si=VhJV16kDY-QMaxhI,うらたぬき・あほの坂田（うらさか）,ののまろ,https://youtu.be/sTZEvg55C34?si=nmqpi5wP_5X4c_br,蝶々P,〇,
,,,,,,,,,
2022/03/23,鈍色Wheels,－,https://youtu.be/XVtFW6xUjSs?si=OdgzyJNkGHjs8BtC,浦島坂田船（うらたぬき・志麻・となりの坂田・センラ）,mochigome,オリジナル曲,HIKARI・TAKAROT,〇,舞台「アクダマドライブ」テーマソング・浦島坂田船アルバム「Toni9ht」収録曲
2022/04/28,うらたねこ♀,－,https://youtu.be/a_xTK-pig4I?si=wseCBRx6t1YtPMLD,うらたぬき,八三,オリジナル曲,HoneyWorks,〇,うらたぬきソロアルバム「Love!Love!」収録曲
2022/06/10,アンコール,－,https://youtu.be/3aZjBCyrtJI?si=4vNOLJ-Hy__lNNsu,浦島坂田船（うらたぬき・志麻・となりの坂田・センラ）,八三,オリジナル曲,DECO*27,〇,浦島坂田船アルバム「Toni9ht」収録曲
2022/06/16,キスマーク,－,https://youtu.be/hhwCs2JRMAU?si=OapRjhtiuwp0QaJV,うらたぬき,RAHWIA,オリジナル曲,奏音69 ,〇,うらたぬきソロアルバム「Love!Love!」収録曲
2022/06/24,溺愛,－,https://youtu.be/3_x_HE37nus?si=Agk9tgx95IUZaZ9U,浦島坂田船（うらたぬき・志麻・となりの坂田・センラ）,RAHWIA,オリジナル曲,奏音69 ,〇,浦島坂田船アルバム「Toni9ht」収録曲
2022/07/01,ヨニゲーム,－,https://youtu.be/6tWzG4a-ifE?si=nn-1UsC-aeMXL2w6,浦島坂田船（うらたぬき・志麻・となりの坂田・センラ）,トキチアキ,オリジナル曲,川谷絵音,〇,浦島坂田船アルバム「Toni9ht」収録曲
2022/07/06,ヒドイヒドラ,－,https://youtu.be/c3G3MPuux1g?si=QdxrU2PB8--7McrY,浦島坂田船（うらたぬき・志麻・となりの坂田・センラ）,ののまろ,オリジナル曲,halyosy,〇,浦島坂田船アルバム「Toni9ht」収録曲
2022/07/08,マウントリタガール,－,https://youtu.be/Sqf90DTC5iA?si=1S9VzN3X6mQvKarn,うらたぬき,のう,オリジナル曲,かいりきベア,〇,うらたぬきソロアルバム「Love!Love!」収録曲
2022/07/16,どっちつかずLOVERS,－,https://youtu.be/qKHnTkjvm7k?si=kYv9-DS4PFnqgxky,うらたぬき・となりの坂田（うらさか）,ナス子,オリジナル曲,ナナホシ管弦楽団,〇,浦島坂田船アルバム「Toni9ht」収録曲
2022/10/20,ジャックオーランタン,－,https://youtu.be/5MYZJLIOIu4?si=MdscrIsdkKL5Bual,浦島坂田船（うらたぬき・志麻・となりの坂田・センラ）,RAHWIA,オリジナル曲,首藤義勝（KEYTALK）,〇,
,,,,,,,,,
2023/02/08,ラブレター（仮）,－,https://youtu.be/E_WPOuGJT0o?si=q-c8fP-3-vjNa8lk,うらたぬき,ここかなた,オリジナル曲,玉屋2060%,〇,うらたぬきソロアルバム「Love!Love!」収録曲
2023/03/03,ミダリニハルイロ,－,https://youtu.be/GMp63flg5O0?si=h1KYhGn0wrAB3WfM,浦島坂田船（うらたぬき・志麻・となりの坂田・センラ）,ののまろ,オリジナル曲,Q-MHz,〇,浦島坂田船シングル「SHINY」収録曲
2023/03/12,絶景,－,https://youtu.be/_biqITZZxrM?si=yOZN5fMF9Nik8b74,浦島坂田船（うらたぬき・志麻・となりの坂田・センラ）,RAHWIA,オリジナル曲,烏屋茶房,〇,浦島坂田船アルバム「Plusss」収録曲
2023/04/01,†Peacock Epoch†,－,https://youtu.be/1_4E3miQzB4?si=KACTnmLR0gPxF-ko,†Darkness phantom chains†（Vo.:ウィッシュ高橋・Gt.:メゾン・ド・べる美・Ba.:けんた・Dr.:マスターオブBIGANKI）,－,オリジナル曲,halyosy,〇,初の実写MV・浦島坂田船シングル「SHINY」収録曲
2023/04/04,SHINY,－,https://youtu.be/CKiF_2IYfR4?si=oDrciMlMZsuU17Yx,浦島坂田船（うらたぬき・志麻・となりの坂田・センラ）,アルセチカ,オリジナル曲,DECO*27,〇,TVアニメ「Opus.COLORs」OPテーマ・浦島坂田船シングル「SHINY」収録曲
2023/05/27,LoveLoveLove,－,https://youtu.be/ZR6RRnWgXfQ?si=YwrtY3oUvWvbJmGV,浦島坂田船（うらたぬき・志麻・となりの坂田・センラ）,煮たか,オリジナル曲,みきとP,〇,浦島坂田船アルバム「Plusss」収録曲
2023/06/09,シャドウ,－,https://youtu.be/HL1XMvimW6A?si=zKf-2Oz_rh7gDzz1,浦島坂田船（うらたぬき・志麻・となりの坂田・センラ）,冬臣,オリジナル曲,センラ,〇,浦島坂田船アルバム「Plusss」収録曲
2023/06/16,獣王無尽,－,https://youtu.be/lzIyevaZHxg?si=GCEaHdrI0TY5fLn3,浦島坂田船（うらたぬき・志麻・となりの坂田・センラ）,八三,オリジナル曲,halyosy,〇,浦島坂田船アルバム「Plusss」収録曲
2023/07/04,"We can fly away, NEW SKY!",－,https://youtu.be/duu-EeD0CKQ?si=PUOi1LtB71xg7bKa,うらたぬき・となりの坂田（うらさか）,夏生,オリジナル曲,Q-MHz,〇,浦島坂田船アルバム「Plusss」収録曲
2023/07/16,全愛不問コスモスナニカ,－,https://youtu.be/SvHV0l0KaY4?si=0g2BENk20VbOQQYC,うらたぬき,アルセチカ,オリジナル曲,Q-MHz,〇,うらたぬきソロアルバム「Flower」収録曲
2023/07/21,生き証人,－,https://youtu.be/E7FFi2N4fas?si=tLcHVKvRbORnRe6J,浦島坂田船（うらたぬき・志麻・となりの坂田・センラ）,狂zip,オリジナル曲,堀江晶太,〇,浦島坂田船アルバム「Plusss」収録曲
2023/07/28,Jasmine,－,https://youtu.be/ME_62xTHUOw?si=k9geS6l8t9qOXEx1,うらたぬき,ののまろ,オリジナル曲,WHITE JAM,〇,うらたぬきソロアルバム「Flower」収録曲
2023/08/09,マリーゴールドを君に捧げる,－,https://youtu.be/fCjTfWae5yA?si=tBsvl_8bjJt3vssf,うらたぬき,アルセチカ,オリジナル曲,辻村有記,〇,うらたぬきソロアルバム「Flower」収録曲
2023/10/14,おーるでい・おーるにゃいと,－,https://youtu.be/6a3ebOdM5LQ?si=FPbGtZd-bMABh8N1,浦島坂田船（うらたぬき・志麻・となりの坂田・センラ）,RAHWIA,オリジナル曲,TAKAROT・TOPHAMHAT-KYO （FAKE TYPE.）,〇,
,,,,,,,,,
2024/02/13,ゼンシンゼンレイ好きさ,－,https://youtu.be/kN8SXZ0jJtI?si=JIdmZzYRiUb0zCv0,浦島坂田船（うらたぬき・志麻・となりの坂田・センラ）,アルセチカ,オリジナル曲,佐藤純一(fhána),〇,浦島坂田船アルバム「Weddiing」収録曲
2024/03/08,祭唄,－,https://youtu.be/BmR81BZYxUk?si=GImsqwVBo_-hQpQR,浦島坂田船（うらたぬき・志麻・となりの坂田・センラ）,RAHWIA,オリジナル曲,烏屋茶房,〇,浦島坂田船アルバム「Weddiing」収録曲
2024/03/16,SAKURA FUBUKI,－,https://youtu.be/PplgxcBTFfM?si=uijNqd9w1tgXnMQ_,浦島坂田船（うらたぬき・志麻・となりの坂田・センラ）,吠L,オリジナル曲,首藤義勝（KEYTALK）,〇,
2024/03/29,Bling‐Bang-Bang-Born,－,https://youtu.be/g61mAqXl0jM?si=mwRjvolm8y5t3piM,浦島坂田船（うらたぬき・志麻・となりの坂田・センラ）,アルセチカ,https://youtu.be/mLW35YMzELE?si=UV8xrzRN06bkH_jo,Creepy Nuts,〇,
2024/04/10,フレテ,－,https://youtu.be/pyWcT9LCpg8?si=A8ChJ0fNhWXDNJ79,浦島坂田船（うらたぬき・志麻・となりの坂田・センラ）,宮田トヲル,オリジナル曲,halyosy,〇,浦島坂田船アルバム「Weddiing」収録曲
2024/06/22,シックスセンス・ベル,－,https://youtu.be/V1GMqv-wOMg?si=9GzWE-CSa3PnHqVD,浦島坂田船（うらたぬき・志麻・となりの坂田・センラ）,RAHWIA,オリジナル曲,ピノキオピー,〇,浦島坂田船アルバム「Weddiing」収録曲
2024/06/28,むしろ Why？,－,https://youtu.be/JbzG1p202J4?si=w5qqiIt5ZknxjaWX,浦島坂田船（うらたぬき・志麻・となりの坂田・センラ）,ドルストイ,オリジナル曲,ピノキオピー,〇,浦島坂田船アルバム「Weddiing」収録曲
2024/07/12,妄想注意報,－,https://youtu.be/VrGiz98gndU?si=uxDStIu41w5ww6XI,うらたぬき・となりの坂田（うらさか）,たま,オリジナル曲,DECO*27,〇,浦島坂田船アルバム「Weddiing」収録曲
2024/08/05,ワガママOnly Mine,－,https://youtu.be/B5Pipv7sbKg?si=FNUhLaquNfl_QTSm,浦島坂田船（うらたぬき・志麻・となりの坂田・センラ）,楢󠄀島さち,オリジナル曲,辻村有記,〇,
2024/09/07,パイレーツオブ宇宙！,－,https://youtu.be/f0Zvmvp5upE?si=vCjpQO6wyV2F6xx5,浦島坂田船（うらたぬき・志麻・となりの坂田・センラ）,月森フユカ（線画）・りょふ彦（着色）,オリジナル曲,ナユタン星人,〇,
2024/10/04,GENTLEMEN'S NIGHT,－,https://youtu.be/M0D45j-0p78?si=Bd_yeJvJGuam7xOb,浦島坂田船（うらたぬき・志麻・となりの坂田・センラ）,鈴ノ助,オリジナル曲,ひとしずく×やま△,〇,